Max,Precip,Snow,Min
6,0,0,-9
1,0,0,-15
7,0,0,-14
7,0,0,-10
10,0,0,-9
16,0,0,-4
16,0.06,2.2,4
8,0,0,-6
6,0,0,-14
15,0,0,-6
22,0,0,8
22,0,0,2
28,0,0,19
31,0,0,15
28,0,0,12
35,0,0,15
34,0,0,20
34,0,0,13
23,0,0,13
28,0,0,19
30,0.05,0,25
33,0.02,0,28
36,0.23,0,32
35,0.04,0,32
34,0.05,0.9,16
16,0,0,3
11,0,0,2
7,0,0,-2
9,0,0,-5
17,0,0,1
16,0,0,3
16,0.11,2.6,8
21,0.02,0.5,8
21,0,0,1
29,0.07,1,19
33,0.12,1.3,28
28,0,0,19
24,0.05,0.8,15
25,0.23,4.7,22
26,0.03,0.4,15
24,0,0,3
25,0,0,0
25,0,0,3
23,0,0.2,10
24,0.09,1.6,5
30,0.03,0.7,22
34,0,0,17
35,0,0,16
37,0,0,10
31,0,0,7
35,0,0,18
31,0,0,13
32,0,0,14
23,0,0.1,9
20,0,0,1
26,0,0,3
32,0,0,5
38,0,0,9
38,0,0,16
38,0,0,19
42,0,0,19
41,0,0,20
39,0,0,20
42,0,0,23
41,0,0,24
47,0.02,0,35
37,0,0,34
39,0.04,0,33
42,0.27,0,35
47,0.25,0,35
43,0.03,0,38
45,0,0,38
64,0,0,40
60,0,0,41
50,0.08,0,40
58,0,0,34
64,0,0,39
45,0,0,29
39,0,0,23
50,0,0,24
55,0,0,30
61,0,0,37
55,0,0,31
42,0,0,24
51,0,0,25
52,0,0,40
52,0,0,33
59,0,0,32
75,0,0,46
76,0,0,50
81,0,0,50
72,0.06,0,44
61,0,0,39
67,0,0,50
60,0.01,0,43
52,0.28,0,44
56,0,0,39
52,0,0,33
67,0,0,32
63,0,0,44
69,0,0,38
68,0,0,47
69,0.73,0,46
74,0.07,0,53
71,0.56,0,54
61,0,0,46
65,0,0,40
67,0,0,38
69,0,0,45
71,0,0,50
61,0,0,42
66,0,0,34
69,0,0,48
60,0.5,0,50
61,0.04,0,47
63,0,0,44
60,0,0,39
69,0,0,40
73,0,0,56
69,0.07,0,55
64,0,0,49
64,0,0,48
57,0.05,0,46
79,0,0,41
55,0,0,47
54,0.04,0,41
48,0.55,0,34
52,0,0,34
58,0,0,32
58,0.19,0,44
46,0.47,0,41
51,0.04,0,42
53,0.61,0,46
71,0,0,46
74,0,0,45
74,0,0,54
76,0,0,53
75,0,0,54
79,0,0,50
82,0,0,53
65,0.02,0,59
82,0.12,0,57
88,0,0,73
95,0,0,72
89,0.38,0,66
80,0,0,60
81,0,0,56
85,0,0,61
91,0,0,64
81,0.03,0,59
78,0,0,51
82,0.18,0,62
73,0.01,0,58
78,0.01,0,52
83,0.44,0,63
70,0.27,0,59
78,0,0,57
75,0.01,0,56
70,0.84,0,60
73,0,0,59
66,0,0,57
76,0.79,0,60
62,0.15,0,54
67,0,0,59
69,0.26,0,61
76,0.01,0,61
80,0,0,60
89,0.01,0,66
86,0,0,64
76,0,0,64
82,0,0,61
79,0.07,0,69
91,0,0,67
80,0.32,0,64
82,0,0,60
86,0.73,0,65
84,2.15,0,66
84,0,0,68
75,0,0,63
74,0,0,58
79,0,0,57
86,0,0,63
88,0,0,68
92,0,0,74
85,0.1,0,73
85,0.8,0,70
88,0,0,70
87,0.22,0,68
85,0,0,63
87,0,0,67
86,0.08,0,69
83,0.17,0,66
79,0,0,61
85,0,0,63
93,0.27,0,71
85,0,0,65
90,0,0,70
92,0.28,0,67
84,0,0,68
80,0,0,64
86,0,0,65
88,0,0,66
77,0.28,0,68
86,0,0,68
83,0.51,0,64
83,0,0,64
86,0,0,67
94,0.2,0,72
83,0,0,67
82,0,0,65
74,0.12,0,67
86,0,0,68
87,0,0,70
86,0,0,76
95,0,0,74
90,0,0,71
82,0,0,66
85,0,0,63
89,0.07,0,68
96,0.32,0,75
95,0,0,76
90,2.47,0,71
93,0,0,72
92,0,0,72
88,1.47,0,68
86,0,0,65
77,0,0,63
79,0,0,58
78,0,0,58
78,0,0,66
80,0,0,71
86,0,0,74
85,0,0,69
88,0,0,65
88,0,0,72
78,0.23,0,63
73,0,0,58
79,0,0,56
88,0,0,63
89,0,0,67
94,0,0,68
92,0,0,77
86,0.35,0,68
77,0,0,60
73,0.74,0,59
61,0,0,51
69,0,0,48
73,0,0,50
71,0.13,0,59
63,0,0,52
69,0,0,46
65,0,0,52
71,0.16,0,58
73,0,0,56
79,0,0,54
74,0,0,54
68,0,0,53
66,0.91,0,52
56,0,0,50
64,0.01,0,53
60,0,0,45
64,0,0,50
80,0.03,0,52
77,0.53,0,53
65,1.01,0,48
74,1.98,0,57
61,0,0,50
61,0.02,0,45
65,0,0,41
75,0,0,45
66,0,0,54
74,0,0,52
72,0,0,49
70,0,0,47
56,0,0,41
59,0,0,38
65,0,0,41
74,0,0,45
71,0,0,54
74,0,0,46
87,0,0,57
83,0,0,58
81,0,0,54
80,0,0,54
72,0,0,52
66,0,0,47
69,0,0,45
61,0,0,43
66,0,0,46
59,0,0,40
56,0,0,39
60,0,0,40
68,0,0,43
53,0,0,40
68,0,0,36
65,0.01,0,52
61,0.51,0,53
61,0.67,0,52
63,0.37,0,42
42,0.05,0,35
42,0,0,30
53,0,0,28
52,0,0,35
49,0,0,30
52,0,0,31
56,0,0,34
56,0,0,44
46,0,0,33
45,0,0,27
57,0,0,31
61,0,0,36
63,0,0,43
69,0,0,43
68,0.17,0,45
52,0,0,37
43,0.03,0,36
36,0.98,7.7,33
35,0.06,0.3,33
39,0,0,27
35,0.02,0.1,30
37,0,0,30
31,0,0,27
39,0,0,23
29,0.02,0,18
34,0.03,0,27
31,0.02,0.1,14
24,0,0,12
33,0.12,1.1,20
27,0,0,6
26,0,0,11
28,0,0,10
45,0,0,27
41,0.59,0,36
36,0.03,0.5,18
20,0,0,15
20,0,0,11
20,0.43,5.1,10
25,0.09,1,11
18,0.01,0.5,4
21,0,0.3,14
17,0,0,8
18,0,0,3
34,0.01,0.2,11
28,0.05,0.8,16
22,1.16,16.3,8
8,0,0,-1
6,0,0,-8
10,0,0,-6
17,0,0,4
20,0,0,12
15,0,0,8
17,0,0,8
15,0,0,3
26,0.36,4.6,10
31,0.05,0,20
32,0,0,27
27,0.15,2.3,23
26,0.18,2.3,18
20,0,0,16
24,0,0,7
21,0,0,7
34,0,0,14
37,0,0,25
42,0.27,0,17
24,0.03,0.2,7
9,0,0,1
17,0,0.1,0
21,0.03,1.1,8
9,0,0,-5
25,0.04,0.4,3
18,0,0,7
15,0.01,0.3,8
12,0,0,1
16,0,0,-4
22,0.16,1.5,12
23,0.1,1.2,18
21,0,0,2
16,0.08,1.9,0
18,0.17,2.5,14
16,0,0,2
15,0.01,0.2,4
25,0.07,1.3,15
19,0,0,7
13,0.01,0.2,-3
9,0.01,0.1,-11
3,0.01,1.1,-16
6,0,0.1,-3
13,0,0,-8
27,0.01,0.1,11
20,0,0,13
25,0,0,15
27,0.01,0.2,22
31,0,0,23
32,0,0,15
23,0.03,0.5,14
21,0.25,4.2,14
15,0,0,5
12,0,0,-4
19,0,0,-2
34,0,0,10
27,0.01,0.2,14
29,0.01,0.3,23
23,0,0,0
3,0,0,-10
8,0,0,-7
12,0,0,-11
32,0.01,0.2,-6
38,0,0,18
48,0,0,29
39,0,0,32
42,0,0,32
52,0,0,28
46,0.01,0,30
30,0,0,15
29,0,0,10
27,0.85,11.8,24
24,0.11,2,16
27,0,0,6
34,0,0,25
29,0,0,15
15,0.02,0.3,0
8,0.1,1.3,-2
28,0,0,2
25,0,0,2
41,0,0,5
17,0,0,-3
32,0.01,0.1,14
30,0,0,23
29,0,0,17
30,0.12,1.7,11
30,0.03,0.4,24
39,0,0,27
36,0.09,1,30
33,0,0,22
43,0.04,0.5,20
31,0,0,16
30,0,0,15
38,0,0,14
44,0.04,0,30
52,0,0,29
53,0,0,38
40,0,0,28
50,0.04,0,24
44,0.1,0,37
46,0,0,35
39,1.14,0.4,33
33,0.34,4.1,18
33,0,0,13
33,0,0,18
30,0,0,16
34,0,0,16
36,0,0,18
42,0,0,21
44,0,0,21
48,0.11,0,35
47,0.07,0,35
54,0,0,31
56,0,0,43
48,0.01,0,34
56,0,0,30
58,0,0,39
64,0,0,36
64,0,0,41
58,0.01,0,48
76,0.1,0,46
63,0,0,43
68,0,0,42
62,0,0,44
48,0,0,35
49,0.13,0.6,33
41,0,0,32
49,0,0,32
50,0,0,35
45,0,0,35
46,0.2,1.3,32
50,0.16,0,32
45,0.09,0,39
48,0.04,0,39
62,0,0,36
65,0,0,39
57,1.46,0,38
44,0,0,35
56,0.06,0,35
65,0,0,36
60,0.47,0,43
43,0,0,33
40,0,0,33
59,0,0,32
66,0,0,37
63,0.15,0,46
70,0,0,45
72,0,0,53
65,0.18,0,53
70,0.47,0,54
88,0,0,56
78,0.02,0,61
65,0.02,0,51
56,0,0,46
52,0.08,0,44
64,0,0,44
69,0,0,40
68,0,0,44
73,0,0,49
71,0,0,58
73,0.28,0,59
73,1.74,0,61
69,0.57,0,58
75,0.01,0,59
67,0.01,0,56
64,0.1,0,50
64,0,0,45
63,0.22,0,47
70,0.15,0,50
68,0.01,0,54
88,0.03,0,62
77,0,0,59
76,0,0,55
80,0,0,60
91,0.02,0,68
84,0,0,64
84,0,0,62
97,0,0,70
103,0,0,78
83,0,0,58
68,0,0,52
62,0.29,0,53
69,0.02,0,52
68,0,0,52
77,0,0,55
80,0.92,0,61
74,0.43,0,58
80,0,0,62
84,0.8,0,60
72,0.28,0,67
79,0,0,63
77,0,0,62
79,1.2,0,65
70,1.29,0,53
63,0.01,0,53
78,0,0,52
68,0.02,0,61
79,0,0,61
77,0,0,61
79,0,0,58
86,0,0,62
95,0,0,72
99,0.14,0,71
85,0,0,67
86,0,0,64
90,0,0,68
88,0.01,0,70
87,0,0,64
87,0,0,69
91,0,0,71
88,0,0,76
92,0.62,0,69
88,0,0,69
78,0,0,65
77,0,0,61
74,0.13,0,64
77,1.84,0,71
87,1.08,0,71
93,0,0,79
98,0,0,80
97,0.28,0,74
96,0,0,80
86,0,0,71
89,0,0,71
85,0.68,0,68
83,0,0,63
89,0,0,68
84,0,0,68
89,0.44,0,72
89,0,0,73
89,0,0,68
90,0.01,0,68
93,0,0,68
83,0.82,0,71
88,0.01,0,74
87,0,0,67
85,0,0,68
85,0,0,70
88,0,0,73
82,0,0,67
82,0,0,68
76,0,0,62
81,0,0,58
84,0,0,63
77,0.01,0,65
81,0.61,0,62
84,0,0,63
84,0,0,67
84,1.42,0,68
81,0,0,62
84,0,0,61
84,0.01,0,65
78,0.01,0,61
79,0,0,61
85,0,0,62
87,0.12,0,68
81,0,0,67
83,0,0,63
87,0,0,66
79,0,0,60
78,0,0,59
81,0,0,59
71,0.02,0,64
85,0,0,64
94,0,0,71
82,0.02,0,72
81,0,0,60
71,0,0,53
72,0,0,48
74,0,0,51
79,0,0,53
86,0,0,57
90,0,0,63
89,0,0,63
89,0,0,65
90,0,0,61
70,0,0,54
60,0,0,41
58,0,0,36
60,0,0,48
67,0,0,49
61,0.2,0,53
75,0,0,51
73,0.04,0,55
61,0.05,0,49
57,0,0,46
60,0,0,47
62,0,0,41
67,0,0,45
70,0,0,53
67,0.05,0,58
81,0,0,56
66,0,0,55
64,0,0,44
64,0,0,38
80,0,0,43
83,0,0,50
85,0,0,52
88,0,0,62
83,0,0,57
85,0,0,65
83,0,0,71
83,0,0,64
76,0.12,0,57
76,0.02,0,54
69,0.54,0,57
60,0,0,48
57,0,0,48
60,0,0,43
59,0,0,45
58,0,0,41
47,0,0,42
49,0,0,39
55,0,0,35
61,0,0,32
61,0,0,40
58,0.01,0,42
62,0,0,39
56,0,0,42
51,0,0,40
53,0.01,0,36
56,0,0,34
54,0,0,31
50,0,0,39
50,0,0,33
55,0,0,45
51,0,0,37
54,0,0,30
56,0,0,28
57,0,0,40
55,0,0,43
50,0,0,35
47,0,0,34
50,0,0,34
39,0,0,31
50,0,0,30
64,0,0,31
49,0,0,40
52,0,0,35
51,0,0,30
39,0,0,24
32,0,0,16
48,0,0,32
37,0.21,3,23
27,0,0,16
36,0,0,20
38,0,0,34
52,0,0,35
59,0,0,36
54,0,0,44
50,0.08,0,37
37,0,0,31
39,0,0,25
40,0,0,25
41,0.01,0,24
32,0.04,0.4,17
34,0,0,14
34,0.18,4.2,29
29,0.01,0.2,22
22,0,0,17
19,0,0.1,10
29,0,0,14
29,0,0,12
17,0,0,5
27,0,0,6
39,0,0,19
40,0.01,0,36
38,0.01,0,35
39,0.37,0,35
37,0,0,19
26,0,0.1,17
35,0.01,0.2,20
47,0,0,21
38,0,0,26
33,0,0,20
31,0,0.2,18
28,0,0,21
37,0.02,0.2,19
42,0,0,18
42,0,0,30
52,0,0,25
40,0,0,24
39,0.01,0,23
37,0,0,28
32,0,0,28
43,0.33,1.7,28
34,0,0,19
20,0,0,11
29,0,0,10
37,0,0,23
45,0,0,24
46,0,0,37
37,0,0,25
40,0,0,21
49,0,0,34
52,0,0,27
38,0,0,13
14,0,0,10
13,0.02,0.4,7
21,0.03,0.5,5
40,0,0,18
32,0,0,20
20,0.01,0.1,5
26,0,0.1,-1
4,0,0,-11
12,0.07,1.1,0
22,0,0,-1
26,0.01,0,20
26,0.15,1.9,19
24,0,0,12
32,0,0,22
40,0,0,24
36,0.04,0.1,20
28,0.03,0.4,18
22,0,0,11
44,0,0,19
45,0,0,29
32,0,0,28
36,0,0,28
33,0,0,27
36,0,0,23
30,0,0,27
46,0,0,25
32,0,0,15
33,0,0,12
38,0,0,17
28,0,0,6
21,0,0,1
32,0,0,6
31,0.04,0.3,15
34,0.01,0.1,22
36,0,0,23
41,0,0,24
43,0,0,26
37,0,0,18
44,0,0,19
44,0.23,1.9,27
35,0.07,0.8,30
35,0,0,22
39,0,0,28
30,0.01,0.1,14
28,0,0.1,11
39,0,0,26
30,0,0,22
33,0.7,0.6,24
34,0.65,2.2,31
36,0.09,0.8,29
35,0,0,28
28,0.02,0.3,16
29,0,0,8
35,0,0,16
60,0,0,29
54,0.04,0,26
37,0.01,0.2,21
34,0,0,15
66,0,0,34
66,0.02,0,46
52,0.28,0,43
67,0,0,34
73,0,0,48
63,0,0,42
79,0,0,42
80,0,0,59
79,0,0,61
79,0.58,0,61
65,0.01,0,57
66,0.02,0,55
70,0.12,0,56
73,0,0,59
70,0,0,51
58,0,0,38
47,0.05,0,37
68,0,0,42
54,0,0,40
61,0.16,0,40
50,0,0,39
50,0,0,41
67,0,0,45
70,0.46,0,50
64,0,0,46
62,0,0,40
59,0,0,42
61,0,0,37
57,0.17,0,44
61,0,0,37
48,0,0,31
44,0,0,28
54,0,0,27
63,0,0,34
53,0.07,0,47
73,0,0,45
75,1.19,0,47
48,0.24,0,34
58,0.13,0,33
63,0.05,0,46
47,0.06,0,39
58,0,0,33
52,0.29,0,41
56,0.03,0,41
65,0,0,36
73,0,0,49
73,0.05,0,49
56,0,0,44
56,0,0,42
51,0.25,0,40
57,0.05,0,44
63,0,0,44
74,0.75,0,51
81,0.03,0,58
80,0.76,0,60
74,0.38,0,53
60,0.91,0,54
64,1.4,0,52
66,0,0,51
60,0.06,0,49
66,0,0,46
73,0,0,46
71,0.06,0,51
69,0,0,50
76,0,0,49
85,0,0,55
74,0,0,55
70,0,0,47
83,0,0,56
93,0,0,63
88,0.42,0,63
63,0.02,0,51
74,0,0,47
85,0,0,56
89,0.81,0,64
65,2.58,0,57
69,0,0,53
64,0.65,0,59
92,0.32,0,64
80,0.19,0,60
64,0,0,52
62,0,0,47
66,0,0,49
72,0,0,46
76,0,0,54
77,0,0,57
84,0,0,60
83,0,0,61
82,0.02,0,62
82,0,0,65
90,0.01,0,71
92,0,0,72
93,0.37,0,64
74,0,0,55
69,0,0,51
76,0,0,55
70,0.86,0,61
81,0,0,63
83,0.31,0,66
78,1.15,0,60
90,0.1,0,67
93,0.61,0,65
83,0.16,0,64
77,0,0,61
81,0,0,62
78,0,0,66
84,0,0,66
77,0,0,60
82,0,0,60
93,0,0,69
88,0,0,71
90,0,0,64
92,0,0,70
94,0,0,73
99,0,0,77
97,0.05,0,68
101,0,0,81
96,0,0,79
102,0.54,0,66
86,0,0,64
90,0,0,71
87,0,0,69
88,0,0,65
88,0,0,66
89,0,0,70
91,1,0,67
91,0,0,68
90,0,0,74
98,0,0,77
94,0,0,76
83,0.83,0,71
84,0,0,69
87,0,0,67
89,0.22,0,71
89,0,0,75
96,0.05,0,76
82,1.69,0,70
92,0.01,0,75
84,0,0,66
80,0,0,64
83,0,0,65
80,0.51,0,66
89,0,0,69
88,0,0,68
92,0,0,69
90,0,0,72
89,0.38,0,66
78,0.02,0,65
76,0,0,57
86,0,0,61
88,0,0,68
80,0.01,0,64
79,0.1,0,60
79,0,0,56
79,0,0,54
68,0,0,61
83,0,0,57
78,0,0,59
83,0.73,0,64
71,0,0,56
74,0,0,50
78,0.02,0,56
77,0,0,57
79,0,0,51
80,0,0,56
79,0.04,0,58
86,0.01,0,70
89,0,0,66
76,0.06,0,66
86,0.01,0,67
87,0,0,61
84,0,0,66
93,0,0,69
92,0,0,72
86,0,0,63
86,0,0,65
88,0,0,62
92,0,0,70
92,0,0,68
84,0.02,0,61
81,0,0,57
72,0,0,55
79,0,0,50
75,0,0,52
83,0,0,54
95,0,0,63
78,0.09,0,56
75,0,0,53
76,0,0,50
85,0,0,52
80,0,0,61
64,0.19,0,47
61,0,0,43
76,0,0,52
66,0,0,50
63,0,0,40
60,0,0,39
61,0,0,36
77,0,0,40
68,0,0,45
65,0,0,40
69,0,0,41
76,0,0,46
82,0,0,51
77,0,0,48
72,0,0,53
72,0,0,44
78,0,0,48
64,0,0,42
48,0,0,36
45,0,0,33
53,0,0,28
64,0,0,39
50,0.03,0,36
55,0,0,32
55,0,0,33
53,0,0,28
53,0.04,0,47
59,0,0,45
61,0,0,38
65,0,0,52
62,0,0,47
50,0.01,0,43
52,0.21,0,38
54,0,0,34
71,0,0,42
64,0,0,50
65,0.08,0,55
60,0.18,0,47
47,0.75,0,35
39,0,0,32
43,0,0,28
46,0,0,29
45,0,0,31
50,0,0,28
52,0,0,25
47,0,0,31
39,0,0,27
43,0,0,37
45,0.01,0,30
45,0,0,38
44,0.31,0,38
47,0,0,38
54,0,0,34
55,0,0,35
69,0.24,0,44
56,0.02,0,22
27,0.01,0.2,19
43,0,0,18
51,0,0,34
53,0,0,29
44,0,0,23
54,0,0,32
57,0,0,43
59,0,0,38
54,0,0,33
62,0,0,38
60,0.02,0.1,24
27,0.02,0.5,14
30,0,0,11
30,0,0,23
23,0,0,10
39,0,0,16
36,0,0,25
40,0,0,23
36,0,0,31
48,0,0,34
40,0,0,29
55,0.02,0,37
45,0,0,21
40,0,0,19
46,0,0,27
32,0.05,0.8,24
33,0,0,25
32,0.95,10.5,20
20,0,0.1,2
20,0,0.1,4
43,0,0,12
40,0,0,24
39,0,0,20
39,0.42,0.1,33
34,0,0,20
25,0,0,20
29,0,0,23
32,0.02,0.2,27
28,0.02,0.5,13
21,0,0,9
29,0,0,9
19,0,0,10
18,0.01,0.5,6
13,0,0,0
19,0,0,5
21,0.09,1,8
26,0.06,1.2,13
19,0,0,5
25,0,0,1
18,0,0,1
20,0,0,-5
21,0.01,0.4,14
22,0,0.6,11
30,0,0,16
26,0,0,10
24,0,0,10
36,0,0,15
35,0,0,16
35,0,0,25
39,0.28,0,24
41,0.02,0,34
39,0,0,5
9,0,0,2
14,0,0,5
30,0,0,10
36,0.02,0.3,14
20,0,0,6
41,0.01,0.1,17
39,0,0,2
9,0,0,-2
-2,0,0,-10
5,0,0,-12
17,0,0.2,-5
13,0,0,-6
21,0,0,4
23,0,0,2
33,0.49,3,21
33,0,0,30
33,0.03,0,25
26,0,0,6
7,0,0,-10
4,0.06,2,-13
9,0.03,0.7,0
13,0.04,0.9,3
14,0.06,1.2,3
27,0.05,1.2,8
23,0.04,0.7,3
25,0,0,18
23,0,0,16
29,0,0,22
35,0.62,2.2,25
32,0,0.1,19
36,0,0,16
39,0.09,0.5,20
34,0.09,1.1,15
18,0,0,6
20,0,0,2
32,0,0,9
34,0.01,0.3,9
10,0,0,0
19,0,0,-3
23,0,0,7
29,0.24,4.2,20
29,0,0,20
34,0,0,12
37,0,0,23
36,0,0,17
38,0,0,29
31,0,0,25
31,0,0,19
32,0,0,10
32,0,0,18
29,0.34,3.9,23
30,0.41,5.4,22
29,0,0,17
31,0,0,11
39,0,0,19
38,0.61,0,33
36,0.01,0,31
31,0,0,23
29,0,0,20
33,0,0,14
40,0.06,0.6,24
35,0.19,0.8,24
27,0,0,14
29,0,0,9
30,0.23,3.1,11
23,0,0,7
21,0,0,5
29,0,0,7
37,0,0,13
39,0,0,20
33,0,0,29
38,0,0,24
39,0,0,27
43,0,0,23
44,0,0,25
49,0,0,32
56,0.19,0,36
42,0,0,24
36,0,0,19
38,0,0,19
48,0,0,23
53,0,0,33
44,0.07,0,28
55,0.09,0,37
48,0.19,0,35
48,0.52,0,40
44,0.48,0.7,31
40,0.09,0.7,30
36,0.76,4.4,31
36,0.06,0.6,28
36,0.01,0.2,29
38,0.46,0.2,30
40,0,0,33
47,0,0,33
42,0.26,0,35
35,1.02,6.4,32
38,0.12,0.9,26
42,0,0,21
51,0.15,0,34
44,0.82,3.5,33
42,0.02,0.3,29
51,0,0,29
51,0,0,33
72,0.02,0,45
75,0,0,43
81,0.08,0,54
75,0,0,51
72,0,0,56
56,0.35,0,35
48,0,0,35
38,0.2,0.5,32
49,0.08,0,34
67,0,0,39
76,0,0,46
78,0,0,53
78,0.12,0,58
60,0.1,0,43
67,0,0,37
57,0,0,42
59,0,0,34
72,0.01,0,41
98,0,0,54
79,0,0,56
83,0,0,58
66,0.25,0,57
81,1.47,0,56
82,1.16,0,64
72,0.6,0,60
65,0.07,0,49
55,0.13,0,47
65,0,0,45
68,0.16,0,44
62,0,0,54
60,0,0,54
62,0.05,0,55
62,0.06,0,54
76,0.92,0,55
77,0.26,0,65
79,0.25,0,63
72,0.06,0,52
67,0,0,50
71,0,0,51
64,0.02,0,57
60,0.15,0,54
58,0,0,51
66,0,0,54
72,0,0,56
69,0.54,0,58
77,0,0,59
79,0,0,60
76,0.59,0,62
79,0,0,58
79,0.01,0,60
76,0.02,0,65
86,0.01,0,60
82,0,0,62
75,0,0,57
85,0,0,61
91,0,0,70
82,2.5,0,64
82,0.54,0,66
84,0.26,0,70
82,0,0,66
84,0,0,66
89,0,0,73
87,0,0,72
79,0.09,0,67
77,0.38,0,63
82,0,0,57
85,0,0,63
83,0,0,61
84,0,0,61
90,0,0,66
89,0,0,72
92,0,0,76
91,0.03,0,73
89,0,0,67
87,0.34,0,71
83,0,0,63
86,0,0,64
90,0,0,68
80,2.79,0,65
86,0,0,71
89,0,0,70
92,0,0,76
94,0,0,78
94,0,0,80
86,0,0,72
82,0,0,66
81,0.29,0,59
88,0,0,67
77,0,0,63
78,0,0,61
83,0.03,0,64
72,0.01,0,56
64,0.02,0,53
75,0,0,53
79,0,0,56
72,0,0,65
83,0,0,63
83,0,0,59
79,0,0,61
80,0,0,58
76,0,0,56
81,0.65,0,61
86,1.33,0,59
77,0,0,62
75,0,0,58
76,0,0,60
77,0,0,62
80,0,0,65
80,0,0,63
76,0,0,57
78,0,0,58
79,0,0,59
80,0,0,61
82,0,0,60
83,0,0,62
88,0,0,69
90,0,0,71
88,0,0,74
87,0,0,68
88,0,0,64
90,0,0,71
96,0,0,80
97,0,0,80
96,0,0,79
92,0,0,73
95,0.03,0,75
85,0,0,72
89,0.06,0,66
75,0,0,61
68,0,0,55
78,0,0,53
88,0,0,62
82,0,0,64
92,0,0,70
94,0,0,71
77,0,0,67
94,0,0,70
81,0.02,0,70
86,0,0,66
76,0,0,57
70,0,0,49
73,0.47,0,51
67,0.33,0,50
67,0,0,44
67,0.03,0,48
75,0.14,0,60
78,0.18,0,64
66,0.04,0,51
64,0,0,47
74,0,0,49
74,0,0,53
76,0,0,53
74,0,0,54
82,0,0,56
86,0,0,65
72,0.14,0,51
77,0,0,48
80,0,0,58
77,0,0,53
77,0.9,0,48
61,0.03,0,55
59,0.29,0,55
61,0.01,0,46
55,0.05,0,42
67,0,0,43
77,0,0,50
76,0,0,56
78,0,0,52
75,0.04,0,57
58,0,0,46
61,0,0,39
55,0.56,0,42
55,0.62,0,46
55,0.01,0,42
59,0.17,0,41
53,0.02,0,38
49,0.06,0,34
47,0.08,0,33
40,0,0,29
40,0,0,26
39,0,0,33
44,0,0,33
58,0,0,28
50,0,0,36
58,0,0,31
44,0,0,31
42,0.03,0,32
50,0.13,0,40
50,0,0,40
52,0,0,38
50,0,0,34
55,0,0,35
49,0.17,0,36
45,0.18,0.7,30
40,0.05,0.4,30
36,0,0,28
47,0,0,24
46,0,0,36
42,0,0,33
39,0,0,16
28,0,0,12
50,0,0,23
52,0,0,35
56,0,0,32
50,0.11,0,41
46,0,0,32
36,0,0,25
47,0,0,23
45,0,0,37
39,0.01,0,25
33,0,0,13
19,0,0,7
31,0,0,8
40,0,0,28
31,0,0,15
25,0,0,9
29,0,0,15
34,0,0,14
42,0,0,25
34,0,0,21
38,0.12,0.5,28
36,0.08,0,32
32,0.52,4.1,14
14,0,0,0
5,0,0,-7
1,0,0,-11
12,0.07,1.6,-1
12,0,0.1,-3
13,0.06,1.8,2
5,0,0,-8
19,0,0,1
17,0.02,0.1,11
16,0.06,0.7,0
4,0,0,-1
22,0.1,1.1,1
33,0,0,9
37,0,0,8
28,0.03,0.4,16
20,0.02,0.3,15
23,0,0,16
19,0.03,0.8,5
5,0,0.3,-6
11,0.23,2.8,-13
28,0.02,0.2,9
26,0.01,0.2,11
40,0,0,14
47,0,0,20
20,0,0,-11
2,0.09,0.9,-11
-1,0,0,-9
1,0,0,-8
4,0,0,-10
29,0.12,0.3,-10
35,0.02,0,-2
-2,0,0,-20
-12,0,0,-23
5,0,0,-15
4,0,0,-11
20,0,0,-11
31,0,0,16
32,0,0,23
40,0,0,22
34,0.01,0.3,27
28,0.26,4.1,7
25,0.03,0.5,-1
35,0.05,0.6,7
13,0,0,1
23,0.17,4.5,9
39,0,0,17
31,0.01,0.2,-3
6,0.02,0.5,-13
8,0.01,0.6,-8
2,0,0,-17
33,0.08,1.3,2
24,0.11,2.3,2
18,0.09,1.1,-8
-6,0,0,-16
0,0,0,-16
34,0,0,-6
28,0.44,6.4,-4
9,0,0,-9
22,0,0,-1
14,0,0,-7
16,0,0,-1
11,0,0,-1
4,0,0,-5
4,0,0,-11
12,0,0,-5
15,0,0,-4
9,0,0,-7
8,0,0,-11
13,0,0,-12
24,0.03,0.5,12
30,0,0.2,5
16,0,0,1
19,0.12,1.8,0
22,0,0,4
29,0.32,4.9,18
44,0,0,16
40,0,0,21
36,0.83,8.4,15
16,0.06,1.5,6
14,0,0,4
17,0,0,1
14,0.01,0.2,-3
6,0,0,-7
20,0,0,-11
1,0,0,-14
14,0.04,0.9,-9
8,0,0,-7
3,0,0,-15
10,0.02,0.3,-10
19,0,0,7
24,0,0,12
26,0,0,12
33,0,0,23
29,0,0,15
44,0,0,17
53,0,0,32
44,0,0,29
30,0,0,19
50,0,0,20
44,0,0,26
31,0,0,20
25,0,0,11
35,0.06,0.2,23
37,0.15,2.3,28
36,0.06,0.6,26
44,0,0,22
45,0,0,20
22,0,0,8
26,0,0,8
31,0.08,1.2,17
24,0,0,10
40,0,0,13
40,0.44,0.1,31
38,0,0,27
43,0,0,22
60,0,0,36
58,0.01,0,29
37,0.02,0.2,20
43,0,0,21
40,0.68,5,27
40,0.11,1.5,25
50,0,0,24
62,0,0,40
60,0,0,38
54,0,0,34
71,0,0,35
62,0,0,45
63,0,0,43
55,0.14,0,44
44,0,0,32
38,0,0,24
36,0,0,18
37,0.68,0.3,28
42,0,0,28
52,0,0,26
67,0.11,0,42
74,0.1,0,45
68,0.2,0,44
59,0,0,38
47,0.26,0,40
45,0.84,0,38
64,0,0,36
55,0.04,0,37
45,1.76,0,38
45,0.7,0,41
42,0.6,0,34
46,0.03,0,35
49,0.04,0,37
59,0,0,42
59,0,0,43
57,0,0,36
64,0,0,50
65,0,0,47
65,0.04,0,51
69,0.59,0,51
60,0,0,46
70,0.06,0,41
68,0.63,0,48
63,0.27,0,49
53,0,0,43
59,0,0,38
49,0,0,40
54,0,0,40
66,0,0,41
72,0,0,49
60,2.25,0,51
78,0,0,50
66,0,0,51
71,0,0,47
75,0,0,50
80,0,0,58
79,0,0,56
82,0.01,0,66
73,0.01,0,61
81,0,0,58
84,0,0,57
87,0,0,64
86,0.65,0,68
72,2.37,0,65
80,0.02,0,60
75,0,0,56
81,0,0,61
78,0.03,0,63
84,0,0,59
67,0.89,0,51
71,0,0,49
70,0,0,59
77,0,0,55
81,0.18,0,61
66,0,0,54
76,0,0,51
66,1.6,0,58
76,0.64,0,57
85,0.38,0,63
82,0.01,0,62
81,0.51,0,69
74,4.13,0,65
85,0,0,67
85,0,0,67
77,0.09,0,66
83,0,0,66
84,0,0,64
72,0,0,56
81,0,0,58
81,0,0,70
83,0.5,0,69
85,0.01,0,64
81,0,0,65
75,0.15,0,55
74,0.01,0,54
78,0,0,58
78,0,0,60
84,0,0,65
90,0.13,0,69
87,0.37,0,65
77,0,0,62
79,0,0,58
85,0,0,61
81,1.03,0,65
80,0.06,0,68
78,0,0,63
65,0.07,0,56
72,0,0,54
77,0,0,55
79,0,0,59
79,0,0,60
79,0,0,67
87,0,0,70
92,0,0,74
86,0,0,70
84,0,0,61
82,0,0,63
81,0.42,0,64
86,0,0,71
78,0.03,0,65
77,0,0,63
81,0,0,59
83,0,0,60
84,0,0,63
87,0,0,65
87,0,0,67
88,0.67,0,68
81,0,0,68
81,0,0,62
82,0,0,62
83,0,0,65
83,0,0,67
79,0,0,67
84,0.15,0,68
78,0.04,0,62
80,0,0,57
83,0,0,63
80,0,0,59
85,0,0,64
86,0.08,0,67
81,0.27,0,68
87,0.01,0,67
81,0,0,65
83,0,0,65
85,0.07,0,70
79,0,0,70
77,0,0,69
89,0.14,0,73
79,0,0,64
76,0,0,56
78,0,0,59
72,0.02,0,61
80,0.68,0,66
77,0.3,0,64
85,0.47,0,62
78,0.17,0,65
78,0,0,62
80,0.13,0,60
86,0,0,66
66,0,0,55
77,0,0,52
76,0,0,56
75,0,0,58
75,0.18,0,61
68,0.03,0,47
57,0,0,43
56,0,0,43
60,0,0,39
65,0,0,50
62,0.06,0,48
68,0,0,43
77,0,0,55
75,0,0,48
81,0,0,57
77,0.24,0,57
67,0,0,50
72,0,0,48
74,0,0,51
65,0.04,0,58
77,0,0,59
82,0,0,58
83,0,0,63
82,0,0,59
67,0.07,0,44
59,0,0,42
59,0.69,0,50
60,0.78,0,47
50,0.09,0,36
51,0.03,0,37
49,0,0,35
63,0,0,36
60,0,0,45
59,0,0,39
54,0,0,34
53,0,0,34
57,0,0,31
61,0,0,42
57,0.02,0,50
65,0,0,47
66,0,0,38
72,0,0,41
58,0,0,49
54,0,0,39
69,0,0,40
64,0,0,42
58,0,0,38
60,0,0,39
68,0.14,0,48
67,0,0,46
63,0,0,44
64,0,0,36
67,0,0,43
49,0,0,40
43,0,0,36
49,0,0,31
40,0,0,26
42,0,0,23
56,0,0,33
55,0,0,41
53,0,0,37
45,0.04,0,34
44,0,0,30
48,0.01,0,29
43,0,0,34
39,0,0,31
31,0.28,2.6,24
26,0.04,0.8,18
23,0,0,15
24,0,0,17
22,0,0,8
22,0.16,1.3,6
22,0.01,0.3,7
15,0,0,6
18,0,0,8
23,0.02,0.5,16
18,0,0,7
34,0,0,3
39,0,0,34
51,0.03,0,32
32,0.01,0.5,15
24,0,0,10
26,0.17,2.2,10
10,0.02,0.3,-4
24,0.08,0.9,6
38,0,0,21
24,0,0,4
6,0,0,-3
22,0,0,2
23,0,0,11
32,0,0,14
32,0,0,25
32,0,0,17
35,0.01,0.1,22
35,0,0,21
23,0,0,15
29,0,0,21
32,0,0,27
37,0,0,32
51,0.01,0,33
50,0.01,0,43
51,0.19,0,30
30,0.04,0.8,17
20,0,0,9
22,0.02,0.4,11
30,0,0,20
32,0,0,29
39,0.19,0.1,31
38,0.12,0,35
36,0,0,34
36,0,0,31
35,0,0,30
32,0.05,0.8,28
28,0.22,3.4,11
24,0,0,7
10,0,0,-3
4,0,0,-7
13,0,0,-7
30,0,0,11
28,0,0,6
33,0,0.1,12
12,0,0,-7
1,0.06,0.5,-11
8,0,0,-5
-1,0,0,-9
16,0.15,3,-6
6,0,0,-4
19,0,0,-4
14,0,0.1,3
5,0,0,-5
15,0.02,0.4,-10
24,0.01,0.2,15
35,0,0,19
30,0,0,27
38,0,0,26
39,0,0,25
37,0.01,0.1,22
32,0.05,0.8,28
30,0.01,0.1,26
30,0,0,18
39,0,0,29
42,0,0,29
35,0.03,0.1,20
45,0,0,22
36,0,0,30
31,0,0,28
34,0,0,15
27,0,0,11
28,0,0,19
21,0.02,0.5,5
16,0,0,0
16,0.06,1.5,6
15,0.01,0.4,-1
19,0,0,-7
30,0,0,13
36,0,0,20
32,0,0,23
33,0,0,20
29,0.13,0.8,22
30,0.01,0.1,2
10,0,0,-3
30,0,0,6
12,0,0,-3
9,0,0,0
20,0.01,0.4,8
10,0,0,-2
2,0,0,-9
9,0,0,-11
25,0.07,0.8,5
24,0.01,0.1,0
0,0,0,-9
23,0,0,-11
32,0.01,0.1,13
16,0.02,0.2,5
11,0,0,-3
15,0,0,-6
20,0,0,-3
28,0,0,14
26,0,0,9
29,0.13,1.9,6
12,0,0,-2
15,0,0,-7
39,0,0,7
44,0,0,28
48,0,0,31
57,0,0,32
66,0,0,37
58,0,0,29
62,0,0,37
62,0,0,39
61,0,0,33
70,0,0,38
62,0,0,36
45,0,0,26
46,0,0,30
50,0,0,35
56,0,0,32
38,0,0,26
35,0.2,3.1,29
32,0.03,0.5,30
38,0.12,1.2,25
38,0,0.1,31
36,0,0,25
36,0,0,17
41,0,0,20
53,0.19,0,34
57,0,0,36
65,0,0,32
84,0.26,0,43
65,0,0,34
43,0,0,27
52,0,0,32
53,0,0,36
43,0.18,0,38
43,0.01,0,37
48,0,0,37
41,0.63,0.1,33
56,0.08,0.2,32
68,0,0,38
75,0.65,0,51
64,0.01,0,46
72,0,0,38
70,0,0,45
73,0,0,52
75,0,0,50
73,0.07,0,47
60,0.14,0,45
45,0.02,0,36
41,0.03,0,34
49,0,0,32
55,0,0,29
52,0.34,0,42
62,0,0,43
64,0,0,36
69,0,0,39
65,0,0,44
68,0,0,44
68,0,0,47
66,0.01,0,49
80,0,0,52
83,0.05,0,56
72,0,0,50
70,0.02,0,51
77,0,0,56
76,0.35,0,62
62,0.02,0,49
69,0,0,44
60,0.72,0,48
55,0.07,0,44
58,0.02,0,39
67,0,0,43
57,0.34,0,51
67,0,0,53
76,0.06,0,58
74,0.08,0,48
48,0,0,40
57,0,0,37
62,0,0,41
74,0,0,45
75,0,0,46
73,0,0,51
64,0.52,0,58
73,0.16,0,57
63,0.59,0,57
84,0,0,55
84,0,0,62
72,0.54,0,54
64,0,0,47
63,0,0,44
69,0,0,52
76,0,0,54
67,0.75,0,62
75,0,0,62
75,0,0,61
79,0.69,0,59
83,0.06,0,66
81,0,0,61
92,0,0,63
79,0,0,62
67,0.3,0,58
79,0,0,53
71,0.07,0,60
85,0,0,62
78,0,0,64
72,0,0,55
79,0.87,0,60
79,0,0,61
79,0,0,59
82,0.43,0,63
86,0,0,62
82,0.95,0,64
79,0,0,60
78,0,0,62
82,0,0,63
81,0.06,0,63
83,0.02,0,60
82,0.09,0,64
83,0.11,0,65
77,0,0,62
73,0,0,59
77,0,0,56
80,0,0,60
85,0,0,65
88,0.04,0,66
76,2.83,0,58
72,0,0,54
73,0,0,57
81,0,0,60
85,0,0,65
82,0,0,67
89,1.89,0,65
87,0,0,66
84,0,0,67
81,0.01,0,63
72,0.16,0,66
90,0.62,0,65
88,0.25,0,68
84,0,0,64
81,0,0,64
81,0,0,61
82,0,0,66
84,0,0,67
88,0.23,0,68
86,0,0,69
87,0,0,72
86,0,0,71
84,1.29,0,70
82,0,0,66
85,0,0,63
82,0,0,65
86,0,0,66
84,0,0,66
80,0,0,60
82,0,0,58
82,0,0,61
74,0.24,0,64
84,0.43,0,69
80,0.01,0,67
82,0.06,0,69
82,0,0,66
82,0,0,62
85,0,0,64
85,0.05,0,71
94,0,0,71
91,0,0,73
82,0.51,0,69
74,0.08,0,63
67,0.92,0,63
65,0.1,0,56
74,0,0,53
81,0,0,59
82,0.59,0,63
70,0,0,57
67,0,0,54
74,0,0,53
75,0,0,51
76,0,0,59
76,0,0,59
74,0,0,56
81,0,0,62
86,0,0,63
86,0,0,69
78,0.23,0,69
84,0,0,67
89,0,0,71
89,0.01,0,75
83,0.73,0,70
82,0,0,67
78,0.13,0,60
71,0.28,0,56
71,0.02,0,54
64,0,0,48
69,0,0,47
75,0,0,52
83,0.01,0,58
87,0,0,66
84,0.08,0,65
78,2.37,0,60
61,0.37,0,53
69,0,0,48
72,0.11,0,50
81,0,0,55
74,0,0,64
76,0.06,0,62
67,0.25,0,64
78,0,0,61
78,0,0,58
82,0,0,59
77,0,0,61
63,0,0,48
63,0,0,43
63,0,0,45
62,0,0,41
60,0,0,42
58,0,0,42
62,0,0,45
69,0,0,52
63,0,0,43
66,0.33,0,52
56,0,0,43
74,0,0,42
85,0,0,58
66,0,0,46
60,0,0,43
68,0,0,39
61,0,0,42
48,0,0,33
56,0,0,31
63,0,0,35
76,0,0,51
69,0,0,50
63,0,0,44
63,0,0,40
54,0.94,0,49
57,0.24,0,42
56,0.01,0,38
59,0.01,0,48
55,0.35,0,47
47,0.38,0,34
49,0.01,0,35
53,0.01,0,40
51,0.33,0,44
56,0,0,40
70,0,0,45
71,0,0,45
62,0,0,52
65,0.01,0,42
47,0,0,39
50,0,0,33
59,0,0,43
62,0,0,44
61,0,0,38
53,1.73,0,42
45,0.37,0,37
45,0,0,31
57,0,0,32
62,0,0,38
53,0.17,0,47
55,1.21,0,49
59,0.5,0,37
37,0,0,30
31,0,0,25
28,0,0,15
34,0,0,17
46,0,0,25
46,0,0,28
51,0,0,33
40,0.12,1.3,24
27,0,0,18
30,0,0,14
34,0,0,19
35,0.41,3.8,28
34,0.09,0.1,26
36,0,0,28
35,0,0,22
47,0,0,22
44,0,0,38
40,0,0,32
46,0,0,31
42,0.08,0,29
47,0,0,30
47,0.16,0,37
39,0,0,36
41,0,0,35
40,0.12,0,38
39,0.63,0,32
35,0.01,0,31
41,0.37,0.7,24
29,0,0,17
22,0,0,9
28,0,0,8
41,0,0,27
33,0.02,0.3,30
35,0,0,30
36,0.38,0.5,27
27,0,0,23
30,0,0,25
32,0.09,2.3,28
28,0,0,12
23,0.21,3.4,12
27,0.15,2.1,20
25,0,0,16
20,0.01,0.1,7
30,0,0,15
31,0,0,14
29,0,0,20
26,0,0,10
32,0,0,20
33,0.05,0.4,23
34,0.04,0.4,31
34,0.08,1.2,22
22,0,0,-6
-1,0,0,-10
6,0.02,0.5,-9
3,0,0,-7
23,0.01,0.1,-7
26,0,0,16
23,0,0,12
13,0,0,-9
-3,0,0,-14
2,0,0,-13
7,0,0,-7
22,0.02,0.6,7
24,0,0,20
25,0,0,17
23,0,0,18
30,0.01,0.1,23
30,0.05,0.6,27
28,0.01,0.2,20
40,0,0,15
37,0,0,19
34,0.01,0,18
43,0.01,0,30
41,0,0,27
36,0,0,22
30,0.51,8.8,24
24,0.04,0.6,11
27,0.03,0.3,8
29,0,0,6
36,0,0,25
40,0.02,0.4,16
17,0,0,11
17,0,0,5
13,0,0,3
17,0.01,0.9,2
15,0,0,0
10,0,0,-6
19,0.04,0.7,7
32,0,0,18
35,0,0,21
29,0,0,14
41,0,0,25
45,0.37,0,35
43,0,0,30
37,0,0,26
35,0,0,27
40,0.04,0.3,33
38,0,0,30
35,0,0,26
42,0,0,24
58,0,0,34
43,0.03,0.1,28
39,0,0,19
27,0,0,14
32,0,0,13
35,0,0,26
37,0.05,0.4,29
39,0,0,29
60,0,0,29
64,0,0,42
70,0,0,40
42,0,0,35
49,0,0,33
66,0,0,28
70,0,0,49
54,0,0,47
58,0.01,0,48
55,0.85,0,45
49,0.05,0,40
42,0.01,0,32
37,0,0,30
43,0.07,1.3,27
43,0,0,26
53,0,0,28
55,0,0,33
36,0.31,3.7,29
47,0,0,28
48,0,0,27
51,0.12,0,39
43,0.07,0,31
59,0,0,28
64,0.19,0,40
48,0.4,0,43
54,0.13,0,40
41,0.02,0,32
36,0,0,26
68,0,0,29
42,0,0,28
37,0.07,0,28
44,0,0,32
43,0.04,0,33
37,0.02,0.5,24
43,0,0,20
59,0,0,35
44,0,0,31
49,0,0,27
71,0,0,41
76,0,0,49
77,0,0,48
80,0,0,57
79,0,0,58
79,0.19,0,51
59,0.08,0,48
67,0.25,0,52
66,0.32,0,50
59,0,0,43
71,0,0,43
62,0.39,0,52
55,0.53,0,44
49,0,0,42
53,0.28,0,40
43,0.65,0,37
60,0,0,34
58,0,0,42
63,0,0,41
67,0,0,39
73,0,0,48
66,0,0,45
79,0,0,45
92,0,0,60
70,0,0,51
73,0,0,46
68,0.33,0,53
58,0.59,0,48
56,0.15,0,49
58,0,0,48
50,0.18,0,39
52,0,0,34
65,0,0,34
66,0,0,49
65,0,0,46
70,0,0,43
74,0,0,50
76,0,0,54
80,0,0,53
84,0,0,53
84,0,0,66
86,0,0,66
76,0.33,0,66
81,0.27,0,61
70,0.24,0,63
68,0.31,0,61
79,0,0,62
84,0,0,60
73,0.02,0,63
67,0,0,59
75,0,0,56
70,0.21,0,61
74,0.06,0,58
83,0,0,55
71,0.01,0,56
72,0,0,50
79,0.02,0,54
84,0.54,0,62
91,0,0,69
93,0,0,71
78,0.99,0,61
78,0.4,0,64
74,1.49,0,64
77,0,0,64
80,0,0,63
86,0,0,66
89,0,0,70
93,0.2,0,71
80,0,0,65
83,0,0,60
83,0.47,0,63
77,0,0,58
82,0,0,60
96,0,0,72
88,0,0,67
76,0,0,64
77,0,0,58
81,0,0,60
79,0.1,0,61
75,0,0,52
79,0,0,60
80,0,0,62
80,0,0,61
90,1.21,0,66
88,0,0,66
85,0.07,0,69
80,0,0,66
82,0,0,63
82,0.4,0,66
90,0,0,72
86,0.08,0,71
85,0,0,70
71,0.12,0,62
79,0.05,0,61
81,0.2,0,62
84,0.1,0,66
88,0,0,67
87,0,0,68
93,0.05,0,72
95,0.16,0,71
97,0,0,74
82,2.17,0,71
85,0,0,72
87,0,0,67
91,0,0,72
80,0.48,0,68
77,0,0,65
79,0,0,61
81,0,0,67
84,0,0,67
85,0,0,70
88,0,0,73
91,0,0,74
85,1.13,0,70
79,0,0,64
82,0,0,62
82,0,0,63
83,0,0,65
87,0,0,69
91,1.53,0,69
84,1.11,0,69
82,0.33,0,68
81,0,0,65
83,0,0,63
82,0,0,64
86,0.2,0,67
86,0,0,64
85,0,0,68
79,0.44,0,65
68,0.38,0,58
74,0,0,56
83,0,0,59
84,1.01,0,67
82,0.07,0,66
74,0,0,61
72,0,0,57
69,0.01,0,63
85,0,0,61
86,1.27,0,67
81,0.34,0,64
80,0,0,58
77,0,0,60
76,0,0,57
76,0,0,59
79,0.02,0,60
81,0.51,0,67
81,0.88,0,71
77,0.02,0,68
78,0,0,62
74,0.23,0,62
72,0,0,57
80,0,0,57
81,0,0,62
66,0,0,56
70,0,0,47
76,0.85,0,57
76,0.06,0,63
72,0,0,59
84,0,0,54
79,0.01,0,61
79,0.03,0,57
73,1.88,0,65
73,0.08,0,61
71,0.63,0,60
73,0,0,63
69,0.23,0,55
66,0,0,51
60,0.04,0,49
62,0,0,50
68,0,0,46
71,0,0,50
74,0,0,52
76,0,0,51
76,0,0,53
76,0.13,0,58
65,0.6,0,56
62,1.01,0,44
49,0.04,0,38
52,0,0,36
60,0,0,36
74,0,0,49
72,0,0,49
50,0.01,0,41
54,0,0,37
63,0,0,43
69,0,0,51
69,0.01,0,44
72,0.65,0,54
66,0.01,0,51
56,0,0,43
52,0,0,38
54,0,0,39
64,0,0,39
56,0,0,44
56,0,0,36
52,0.56,0,42
46,0.33,0,43
49,0,0,42
72,0,0,46
56,0.06,0,46
46,0,0,42
58,0,0,42
63,0,0,45
62,0,0,40
65,0,0,42
68,0,0,41
73,0,0,43
70,0,0,46
65,0,0,47
59,0,0,39
60,0,0,36
68,0,0,45
50,0,0,36
54,0,0,34
62,0,0,42
50,0,0,40
55,0,0,34
61,0,0,35
58,0,0,46
48,0.8,0.3,31
32,0,0,23
30,0,0,23
38,0,0,22
36,0.74,1.7,32
35,0.06,0.3,33
37,0.04,0,34
36,0,0,32
46,0,0,28
45,0.31,0,29
55,0.97,0,38
38,0.01,0,35
40,0.05,0,36
39,0,0,33
33,0,0,30
32,0,0,29
38,0.13,2.4,31
40,0,0,27
38,0,0,18
21,0,0,16
24,0,0,16
20,0,0,10
14,0.16,2,4
21,0.33,5.1,13
14,0,0,-3
10,0,0,-7
10,0,0,-3
4,0.03,0.2,-9
12,0.35,5,4
12,0.07,1.1,-11
2,0,0,-20
26,0,0,2
37,0,0,24
41,0,0,23
37,0,0,20
38,0.1,0,33
36,0,0,33
37,0.97,0,32
43,0,0,18
25,0,0,17
36,0,0,20
33,0,0,22
32,0,0,18
31,0,0,20
32,0,0,21
33,0.02,0,28
32,0,0,2
4,0,0,-6
2,0,0,-8
5,0,0,-9
9,0,0,-2
18,0,0,-5
27,0.07,0.7,17
28,0.23,2.2,4
10,0.12,2.1,4
14,0,0,-6
9,0,0,-7
24,0,0,4
34,0,0,1
32,0.12,0,14
35,0.11,0.6,29
41,0,0,25
37,0,0,29
37,0.09,0,34
38,0.01,0,35
40,0,0,34
35,0,0,33
34,0,0,32
32,0.09,2.2,29
30,0,0,23
31,0,0,17
28,0,0,23
29,0,0,18
42,0.1,0.6,15
38,0.02,0,30
30,0,0.3,12
17,0,0,8
24,0,0,7
35,0,0,13
32,0,0,18
33,0,0,18
32,0.01,0,12
14,0,0,1
21,0,0,3
46,0,0,20
43,0.02,0,36
40,0,0,29
48,0,0,28
43,0,0,26
36,0,0,19
42,0,0,27
63,0,0,30
58,0,0,34
59,0,0,32
55,0.61,0,41
62,0,0,32
59,0,0,37
39,0,0,29
29,0,0,20
34,0,0,14
40,0,0,23
44,0,0,22
47,0,0,32
37,0.04,0.8,23
31,0,0,17
31,0.01,0.2,13
43,0,0,26
59,0,0,35
65,0.09,0,39
49,0,0,29
36,0,0,24
31,0,0,18
19,0,0,5
21,0,0,8
23,0.24,3.4,13
27,0.01,0.3,14
29,0,0,9
32,0,0,12
40,0,0,20
43,0,0,29
43,0,0,30
55,0,0,28
56,0,0,34
40,0,0,25
40,0,0,21
40,0.17,0,36
45,0.01,0,38
43,0.05,0,37
44,0.04,0,36
61,0,0,37
64,0,0,35
51,0,0,42
50,0.02,0,39
57,0,0,31
66,0,0,35
55,0,0,42
53,0.12,0,47
63,0,0,44
56,0,0,38
56,0,0,35
60,0,0,33
73,0,0,44
72,0.02,0,53
53,0.18,0.5,33
53,0,0,32
57,0.16,0,40
55,0,0,46
66,0.3,0,48
72,1,0,52
66,0,0,47
59,0,0,45
66,0.15,0,48
51,0.8,0,45
52,0.15,0,40
63,0,0,37
69,0,0,41
70,0,0,49
72,0.02,0,49
62,0.45,0,47
47,0.38,0,36
36,0.01,0,32
51,0,0,35
56,0,0,38
49,0.71,0,38
41,0.26,0,35
62,0.03,0,38
66,0,0,45
69,0,0,44
78,0,0,46
69,0,0,44
67,0,0,49
70,0.25,0,46
71,0.03,0,52
69,0,0,53
67,0,0,47
77,0,0,46
80,0,0,54
84,0,0,56
70,0.24,0,60
84,0.35,0,61
72,1.81,0,54
56,0.27,0,47
57,0,0,44
51,1.47,0,42
52,0.04,0,46
67,0.01,0,45
61,0.01,0,49
63,0,0,46
71,0.01,0,50
80,0,0,61
72,0,0,55
73,0.02,0,56
65,0,0,54
60,0,0,53
75,0,0,51
79,0,0,49
90,0,0,58
90,0,0,68
90,0,0,63
82,0,0,61
82,0,0,58
88,0.02,0,61
85,0,0,69
86,0,0,63
96,0,0,77
79,1.82,0,61
83,0.2,0,66
91,0.14,0,66
85,0.08,0,66
88,0,0,67
86,0,0,65
85,0.2,0,63
73,0.01,0,60
74,0,0,60
76,0.25,0,59
81,0,0,59
72,0.49,0,63
74,0,0,58
66,0,0,54
69,0,0,54
73,0,0,50
77,0,0,55
83,0.91,0,61
77,0,0,65
80,0.11,0,62
77,0.01,0,61
80,0,0,65
81,0,0,63
86,0,0,67
92,0,0,73
94,0,0,76
84,0,0,65
85,0,0,62
85,0.37,0,67
86,0,0,69
87,0,0,65
88,0.03,0,69
71,0,0,58
79,0,0,59
96,0,0,63
87,0,0,67
92,0.63,0,68
82,0.08,0,66
83,1.17,0,62
89,0,0,68
83,0,0,69
91,0,0,71
79,0,0,64
79,0,0,60
85,0.39,0,67
84,0.44,0,69
85,0,0,66
84,0,0,65
84,0,0,64
86,0,0,64
85,0,0,69
89,0,0,67
84,0,0,67
67,0.29,0,54
78,0,0,54
79,0.29,0,57
76,0.09,0,62
82,0,0,57
84,0,0,62
71,0.57,0,63
74,0.1,0,61
80,0,0,58
80,0,0,58
72,1,0,61
76,0.01,0,62
78,0,0,59
78,1.94,0,64
74,0.08,0,63
75,0.16,0,60
80,0,0,59
86,0,0,66
80,0.19,0,66
76,0,0,60
77,0,0,56
73,0.01,0,59
71,0.55,0,57
67,1.22,0,60
73,0.24,0,63
74,0,0,61
80,0,0,58
83,0.01,0,62
71,0,0,56
72,0,0,53
82,0,0,64
85,0,0,60
76,0.07,0,55
65,0,0,51
68,0,0,49
76,0,0,49
68,0,0,52
76,0,0,53
81,0,0,61
82,0,0,60
85,0,0,63
87,0,0,64
91,0,0,66
84,0,0,70
80,0.04,0,58
67,0,0,52
59,0.37,0,55
80,0,0,59
75,0.04,0,58
84,0,0,53
94,0,0,73
90,0,0,73
90,0,0,70
71,0.41,0,58
65,0.11,0,53
66,0,0,48
75,0,0,52
66,0,0,48
69,0,0,46
63,0.29,0,55
71,2.18,0,55
72,0.12,0,52
60,0,0,46
65,0,0,48
60,0.44,0,48
67,0.17,0,54
72,0,0,50
57,0,0,40
52,0,0,34
56,0,0,38
64,0,0,53
61,0,0,45
59,0.53,0,44
53,0.03,0,41
66,0,0,39
73,0,0,47
73,0,0,48
74,0,0,43
78,0,0,53
69,0.45,0,52
64,0,0,48
61,0,0,43
51,0,0,40
58,0,0,38
58,0,0,35
36,0.25,0.1,32
34,0,0,29
44,0.03,0,29
40,0,0,31
35,0,0,27
37,0.05,0,26
40,0,0,34
35,0.05,0.5,27
43,0.02,0,34
43,0.07,0,25
33,0,0,22
36,0,0,28
42,0,0,26
30,0,0,12
26,0.03,0.1,11
44,0,0,24
36,0,0,24
46,0,0,25
45,0.08,0,39
46,0,0,27
34,0,0,27
39,0.09,0,34
37,0,0,21
41,0,0,18
48,0,0,28
42,0,0,18
33,0,0,15
49,0,0,23
60,0,0,40
41,0,0,29
51,0,0,24
60,0,0,32
53,0,0,33
46,0,0,25
48,0,0,31
51,0,0,28
47,0,0,30
50,0,0,29
57,0.37,2.1,27
27,0.01,0.1,16
20,0.01,0.2,16
21,0,0,7
32,0,0,19
29,0,0,19
29,0,0,20
35,0.18,0.9,15
27,0,0,6
30,0.01,0.3,17
24,0,0,15
30,0.05,0.7,22
31,0,0,23
28,0,0,18
42,0,0,24
38,0,0,24
24,0.01,0.1,18
24,0,0,19
27,0,0,18
23,0,0,11
22,0.01,0.1,4
4,0,0,-6
1,0,0,-9
5,0,0,-8
11,0.09,1.3,3
4,0.05,0.6,-6
-6,0,0,-14
-5,0,0,-16
1,0,0,-14
15,0,0.1,-10
11,0,0,-3
2,0,0,-5
3,0,0,-10
14,0,0,-11
32,0,0,12
37,0,0,24
42,0,0,26
38,0,0,33
37,0.21,2.4,0
3,0,0,-10
5,0,0,-13
17,0.17,3.3,-10
14,0,0,1
8,0,0,-2
27,0,0,-1
41,0,0,21
44,0,0,27
42,0,0,24
39,0,0,32
35,1.03,12.4,26
28,0,0,18
27,0,0,10
28,0.01,0.1,24
47,0,0,26
34,0,0,20
20,0,0,12
17,0,0,4
30,0,0,1
32,0.13,2.1,7
7,0,0,-4
12,0,0,-7
19,0.15,2.5,9
9,0,0,-6
14,0,0,-4
10,0,0,-6
15,0.02,0.6,0
17,0.01,0.1,4
11,0,0,1
14,0,0,-1
21,0,0,-2
13,0,0,-2
30,0,0,7
43,0,0,17
38,0,0,14
20,0,0,0
38,0.01,0,20
45,0,0,19
27,0.13,0.8,19
21,0.05,0.3,8
20,0,0,2
30,0.3,3.3,7
32,0.15,2.3,16
30,0.51,6,5
30,0,0,15
44,0,0,14
47,0,0,22
45,0,0,22
41,0,0,23
40,0,0,17
45,0,0,33
42,0.07,0,33
38,0.34,3.6,28
34,0.07,1.1,22
29,0,0,12
31,0,0,12
35,0,0,18
35,0,0,23
36,0.01,0.1,30
40,0,0,21
37,0,0,23
46,0,0,23
39,0,0,28
41,0,0,23
50,0,0,25
43,0,0,25
45,0,0,32
33,0.08,0.4,23
38,0,0,21
43,0,0,29
43,0,0,27
42,0,0,29
43,0,0,29
40,0.38,0.8,32
48,0,0,33
52,0,0,29
42,0,0,22
43,0.14,1.8,24
35,0.1,1,13
31,0,0,12
34,0.14,1.5,21
30,0.57,7.5,18
30,0,0,8
40,0,0,13
26,0,0,14
32,0,0,12
32,0.11,1.2,16
38,0,0.1,22
41,0,0,31
48,0.03,0,28
52,0,0,32
41,0.31,1.1,30
30,0.79,11.1,22
28,0.22,3.5,22
36,0,0.1,22
43,0,0,23
40,0,0,30
53,0,0,25
53,0,0,28
60,0,0,36
64,0,0,34
71,0,0,42
66,0,0,43
61,0,0,35
66,0,0,45
65,0,0,39
58,0,0,37
69,0,0,38
84,0.04,0,54
72,0.43,0,57
68,0.04,0,49
75,0,0,55
78,0,0,53
83,0.08,0,56
77,0,0,53
86,0,0,60
72,0.37,0,59
65,0.11,0,55
60,0,0,45
53,0,0,47
61,0.01,0,46
73,0,0,44
75,0.18,0,58
78,0,0,52
87,0,0,55
85,0,0,59
84,0.01,0,58
72,0.02,0,51
73,0,0,46
71,0,0,59
76,0,0,57
84,0,0,62
92,0.61,0,68
90,0.16,0,66
94,0,0,67
91,0,0,67
100,0.01,0,73
94,0.89,0,68
74,0.07,0,66
86,0,0,64
81,0,0,64
71,0.17,0,59
70,0,0,58
87,0,0,56
80,0,0,61
80,0.21,0,62
79,0,0,59
74,0.01,0,65
72,0.22,0,63
77,0,0,64
74,0.04,0,62
81,0,0,63
81,0.01,0,58
82,0,0,64
95,0,0,68
88,0.76,0,70
91,0.18,0,72
78,0.4,0,68
70,0.59,0,62
80,0,0,65
78,0,0,66
82,0,0,63
82,0,0,64
81,0.09,0,67
83,0,0,67
73,1.1,0,64
82,0,0,65
86,0,0,67
99,0,0,74
89,0,0,75
75,1.16,0,63
88,0,0,66
87,0.02,0,70
83,0.67,0,71
83,0,0,68
82,0,0,63
85,0,0,68
90,0,0,71
90,0,0,72
85,0,0,68
92,0,0,69
95,2.13,0,73
83,0.08,0,72
87,0,0,69
89,0,0,71
86,0,0,64
81,0,0,65
82,0,0,64
73,0.08,0,65
82,0.09,0,65
84,0,0,63
83,0,0,64
85,0,0,65
85,0,0,64
83,0,0,66
73,0.08,0,61
80,0,0,58
82,0.13,0,58
82,0,0,59
87,0,0,61
87,0,0,64
80,0.23,0,59
72,0,0,57
85,1.02,0,61
78,0.04,0,71
85,0,0,72
84,0,0,67
80,0,0,68
90,0,0,64
90,0,0,71
90,0,0,67
88,0,0,69
89,0,0,69
92,0,0,71
91,0,0,73
89,0,0,67
89,0,0,69
86,0,0,68
86,0,0,66
86,0,0,66
79,0.09,0,66
77,0,0,62
84,0,0,57
81,0,0,60
72,1.05,0,65
78,0,0,65
85,0,0,67
84,0.15,0,66
66,0.18,0,56
72,0,0,52
77,0,0,55
85,0.07,0,68
88,0,0,72
82,0.25,0,68
76,0.02,0,68
76,1.18,0,67
73,0.02,0,57
74,0,0,52
77,0,0,55
74,0,0,57
73,0,0,54
79,0,0,54
83,0,0,62
84,0,0,69
85,0,0,63
88,0,0,69
92,0,0,70
90,0,0,72
81,0.9,0,60
66,0.66,0,60
64,0.18,0,59
68,3.28,0,59
64,0.01,0,48
67,0,0,45
76,0,0,51
76,0.27,0,57
59,0.1,0,48
62,0,0,44
62,0,0,48
56,0,0,39
49,0,0,36
55,0,0,46
50,0.34,0,44
54,0,0,49
79,0.61,0,40
49,0.22,0,35
51,0.11,0,42
49,0,0,42
52,0.05,0,45
54,0.34,0,47
50,1.04,0,45
51,0.14,0,37
39,0.01,0,32
46,0,0,31
54,0,0,35
42,0.09,0.3,32
45,0,0,30
56,0,0,39
50,0,0,34
72,0,0,33
65,0.02,0,49
49,0,0,31
59,0,0,28
61,0,0,33
49,0,0,32
54,0,0,31
55,0,0,43
50,0.29,0,45
53,0.13,0,44
57,0,0,44
49,0.01,0,37
54,0,0,40
54,0,0,37
51,0,0,34
48,0,0,33
47,0.02,0,35
39,0.17,0,36
45,0.3,0,37
43,0.3,0.1,29
33,0.02,0.5,25
28,0.06,0.7,22
24,0.01,0.3,15
23,0,0,11
30,0,0,21
23,0,0,12
23,0,0,7
43,0,0,16
44,0.01,0,29
35,0.01,0.1,26
29,0,0,14
27,0,0,6
30,0,0,20
33,0,0,12
32,0,0,24
37,0,0,27
46,0.27,0,35
40,0.06,0,30
30,0,0,17
24,0,0,15
25,0,0,13
27,0.12,1.4,15
31,0.1,0.9,25
33,0,0,29
34,0.2,2.3,28
34,0.04,0.5,28
28,0,0,24
24,0,0,22
29,0,0.1,22
22,0,0,8
27,0,0.1,6
27,0,0,9
29,0,0,14
25,0.01,0,14
27,0,0,12
29,0,0,23
32,0,0,23
39,0,0,23
43,0,0,20
46,0,0,31
36,0,0,24
43,0,0,27
42,0,0,32
37,0.01,0,28
28,0,0,23
32,0.01,0.3,25
31,0,0,19
26,0,0,15
28,0,0,19
33,0.3,2.3,21
37,0.95,0.6,33
33,0,0.2,13
16,0,0.1,9
32,0,0,14
32,0.01,0.2,11
11,0,0,0
26,0,0,2
41,0,0,20
47,0,0,28
47,0,0,27
38,0,0,24
42,0,0,34
38,0,0,11
16,0,0,6
24,0,0,10
33,0,0,18
31,0,0,21
35,0,0,28
32,0,0,29
33,0,0,20
21,0,0,7
24,0,0,14
14,0.01,0.2,6
11,0,0,-1
11,0,0,-5
18,0,0,0
20,0.03,0.7,10
24,0,0,9
20,0,0.4,-8
5,0,0,-9
11,0.05,0.4,-4
6,0.23,2.4,-9
13,0.13,2.6,-1
-1,0,0,-25
-13,0,0,-28
-3,0,0.1,-23
17,0,0,-3
39,0,0,12
39,0.01,0,32
33,0.06,0,2
13,0.31,4.1,2
21,0.03,0.4,12
20,0.37,5.9,-5
1,0,0,-11
8,0,0,-12
18,0.25,5.9,6
25,0.03,0.1,17
24,0.32,5.5,11
20,0,0,4
24,0.02,0.3,0
15,0,0,-3
21,0,0,-2
26,0.03,0.4,14
23,0,0,5
22,0,0,-3
28,0.6,9.1,15
21,0,0,7
27,0,0,10
32,0.21,1.9,26
29,0.2,2.6,-2
4,0,0,-5
8,0.06,1.1,0
14,0.07,1.7,0
21,0,0,-3
19,0.28,5.6,5
18,0,0,-1
0,0,0,-13
9,0,0,-10
16,0,0,1
22,0,0,6
21,0,0,2
33,0,0,16
37,0.57,2.9,27
32,0.09,1.8,17
32,0,0,11
38,0.21,0,18
42,0.33,0,34
43,0.51,0.1,33
35,0,0,25
35,0,0,19
40,0.01,0.1,23
40,0,0,24
46,0,0,28
49,0,0,33
50,0,0,31
50,0,0,29
54,0,0,26
54,0,0,31
47,0,0,28
51,0,0,25
64,0,0,39
53,0,0,34
47,0,0,27
38,0,0,26
38,0,0,21
45,0,0,30
50,0.02,0,30
51,0,0,30
46,0,0,34
52,0.06,0,35
53,0.94,0,46
63,0.17,0,45
70,0,0,41
57,0,0,32
34,0.48,4.6,30
36,0.46,4.3,26
37,0.09,0.9,31
39,0,0,29
48,0,0,24
54,0,0,30
68,0,0,36
54,1.1,0,41
54,0,0,40
64,0,0,34
78,0,0,44
77,0,0,49
49,0.35,0,40
65,0,0,36
73,0,0,50
72,0,0,50
59,0,0,43
51,0,0,40
54,0,0,36
58,0,0,43
45,0.24,0,39
46,0.09,0,39
57,0,0,41
62,0.15,0,35
71,0,0,45
64,0,0,49
59,0,0,47
63,0,0,40
55,1.45,0,36
54,0.02,0,35
61,0,0,38
65,0.01,0,42
62,0,0,43
67,0,0,40
73,0.04,0,48
76,0.12,0,54
82,0.35,0,57
69,0.05,0,51
55,0.8,0,45
46,0.63,0,38
63,0,0,36
61,0.59,0,47
63,0.51,0,47
60,0,0,52
73,0.04,0,52
69,0,0,54
74,0,0,47
64,1.83,0,48
69,0,0,45
74,0,0,52
82,0,0,55
88,0,0,64
73,0.02,0,55
75,0,0,51
83,0,0,54
85,0.26,0,60
83,0,0,64
85,0,0,59
90,0,0,68
88,0,0,67
73,0,0,57
79,0,0,52
69,0.16,0,58
71,0,0,54
73,0,0,48
86,0.05,0,64
76,0.05,0,63
74,0,0,59
75,0,0,58
75,0,0,55
79,0,0,57
78,0.29,0,62
77,0,0,63
79,0,0,62
76,0.36,0,64
73,0.28,0,61
82,0,0,61
86,0,0,63
78,0.22,0,67
86,0,0,68
89,0,0,69
81,1.03,0,67
78,2.02,0,68
87,0.08,0,69
87,0.25,0,67
85,0.15,0,71
83,0.03,0,68
83,0,0,69
85,0,0,65
85,0,0,68
80,0.47,0,70
79,0.22,0,69
83,0,0,65
86,0,0,68
87,0,0,68
92,0.01,0,72
92,1.75,0,71
85,0.01,0,71
86,0,0,70
89,0,0,73
95,0,0,73
76,1.01,0,62
82,0,0,61
79,0,0,60
83,0,0,62
84,0,0,65
82,0,0,66
86,0.12,0,68
86,0,0,68
77,0.36,0,66
78,0,0,63
77,0,0,59
80,0,0,60
85,0,0,64
85,0,0,69
87,0.24,0,70
88,0,0,71
86,0.2,0,70
86,0,0,66
88,0,0,68
79,0,0,58
81,0,0,58
73,0.44,0,66
81,0,0,66
80,0.24,0,67
82,0.75,0,62
78,0,0,63
80,0.39,0,63
80,0.83,0,64
83,0,0,63
75,1.74,0,61
81,0,0,58
83,0.63,0,65
77,0,0,59
75,0,0,60
77,0,0,58
76,0,0,62
75,0.01,0,61
71,0.8,0,64
73,0,0,59
74,0,0,57
76,0.01,0,57
75,0,0,53
72,0,0,58
75,0.09,0,59
76,0.3,0,63
77,0,0,62
73,0,0,58
79,0,0,56
78,0,0,63
67,0.02,0,55
62,0.12,0,54
70,0.19,0,58
79,0,0,66
67,1.24,0,58
67,1.17,0,58
64,0,0,56
75,0,0,51
82,0,0,62
87,0,0,63
88,0,0,70
82,0.14,0,70
84,0,0,64
86,0,0,67
81,0.1,0,69
69,0.01,0,57
76,0,0,54
81,0,0,57
71,0,0,55
69,0,0,49
67,0,0,51
64,0,0,45
60,0.3,0,50
86,0.24,0,60
65,0.59,0,50
54,0.42,0,48
50,0.05,0,44
50,0,0,44
58,1.05,0,48
65,0,0,47
67,0,0,45
72,0,0,47
73,0.01,0,53
60,0.41,0,41
41,0.05,0,34
39,0.07,0,33
45,0.03,0,35
50,0,0,36
52,0.08,0,42
48,0.01,0,41
57,0,0,35
69,0,0,45
67,0.03,0,45
67,0,0,39
56,1.06,0,46
46,0.19,0,40
46,0,0,34
44,0,0,32
56,0,0,29
56,0,0,39
45,0,0,33
38,0,0,29
40,0,0,27
36,0,0,23
36,0,0,26
42,0.07,0.1,32
35,0,0.1,30
45,0,0,29
40,0.13,0.2,29
32,0,0,22
31,0.02,0.4,19
28,0,0,15
37,0,0,15
45,0.04,0,29
33,0.01,0.2,18
18,0,0,8
20,0,0,5
28,0.05,0.6,18
32,0,0,19
39,0,0,30
46,0,0,32
39,0.05,0,32
37,0.02,0,31
43,0.14,0,34
45,0,0,38
44,0.43,0.1,22
30,0,0,19
45,0,0,27
45,0,0,33
45,0,0,37
38,0.19,2,31
32,0.66,7.2,26
28,0,0,22
33,0.08,0.5,28
34,0.39,2.9,31
32,0.07,1.6,19
27,0,0,12
38,0,0,20
39,0,0,24
37,0,0,22
32,0,0,17
42,0,0,22
41,0,0,31
34,0.16,2.5,-1
8,0,0,-4
9,0,0,-5
19,0.12,1.7,9
18,0.04,0.5,9
20,0,0,1
17,0,0,-1
27,0,0,17
26,0,0,2
15,0,0,-2
29,0,0,11
39,0,0,21
44,0,0,19
42,0,0,25
39,0,0,22
37,0,0,32
33,0,0,30
33,0,0,27
29,0,0,23
35,0.62,0.1,25
42,0.4,0,34
34,0.42,4.9,21
24,0,0,13
36,0,0,13
37,0,0,31
36,0,0,24
30,0,0,24
38,0.01,0,24
36,0,0,22
32,0,0,5
17,0,0,1
36,0,0,17
24,0,0,8
16,0,0,-1
20,0.11,0.8,9
28,0.1,1,15
32,0.01,0,17
24,0.01,0,-2
6,0,0,-9
25,0.35,4.7,-1
26,0.06,0.2,0
12,0.01,0.5,0
18,0.03,0.4,2
20,0,0,-2
37,0.17,0.6,19
33,0.06,1,30
32,0,0,29
33,0,0,27
30,0,0,25
27,0,0,21
22,0,0,18
22,0,0,18
27,0,0,18
34,0.05,0.6,27
38,0,0,27
46,0,0,31
32,0,0,20
24,0,0,10
30,0,0,11
32,0,0,11
30,0.03,0.5,13
20,0,0,-3
27,0.38,4.8,9
30,0.01,0.2,7
30,0,0,21
35,0,0,0
1,0,0,-11
15,0,0,-12
36,0,0,15
24,0,0,14
35,0.16,2,22
26,0,0,5
14,0,0,0
14,0,0,-6
37,0,0,12
42,0,0,18
44,0,0,27
42,0,0,23
38,0,0,28
31,0,0,19
25,0,0,15
28,0,0,17
39,0,0,16
50,0,0,32
36,0,0,30
43,0,0,30
42,0,0,24
44,0,0,30
39,0,0,23
53,0,0,32
61,0,0,44
48,0,0,30
42,0.04,0.3,23
43,0,0,34
43,0.09,0,31
39,0,0,26
35,0,0,23
40,0,0,21
39,0.01,0,27
44,0,0,28
45,0,0,37
40,0.48,0,32
34,0,0,20
36,0,0,20
43,0.04,0.2,30
44,0.12,0.8,32
50,0,0,37
47,0.31,0,37
51,0,0,29
60,0.03,0,37
48,1.07,0,38
49,0.22,0,33
60,0,0,30
54,0,0,34
55,0,0,34
61,0.07,0,40
40,0.08,0,25
45,0,0,19
56,0,0,29
60,0,0,43
70,0.03,0,49
56,0,0,36
42,0.03,0,30
49,0,0,27
61,0,0,34
44,0.6,6.6,29
37,0.01,0.2,23
30,0.04,0.5,21
35,0,0,19
48,0,0,24
49,0,0,29
67,0,0,39
50,0,0,36
60,0,0,36
50,0,0,29
67,0,0,43
59,0,0,37
66,0,0,43
71,0,0,42
68,0.07,0,45
74,0.04,0,52
62,0.83,0,46
62,0,0,42
68,0,0,44
78,0,0,53
75,0,0,54
67,0,0,46
60,0,0,40
59,0,0,47
66,0,0,48
60,0,0,44
49,0,0,35
60,0.15,0,34
48,0,0,38
55,0,0,39
58,0,0,34
63,0.04,0,48
73,0.04,0,52
71,0,0,45
63,0.46,0,52
53,2.47,0,49
66,0,0,50
71,0,0,54
77,0,0,59
66,0,0,57
66,0,0,58
71,0.24,0,60
78,0,0,58
78,0.16,0,65
81,0.87,0,66
78,0.42,0,63
79,0,0,60
66,0,0,54
68,0,0,49
77,0,0,47
91,0,0,63
90,0.26,0,65
83,0,0,63
86,0.04,0,62
81,0.32,0,60
