Maximum Temperature degrees (F),Minimum Temperature degrees (F),Precipitation (inches),Snow (inches),Snow Depth (inches)
6,-9,T,T,9
1,-15,0,0,9
7,-14,0,0,9
7,-10,0,0,9
10,-9,0,0,9
16,-4,0,0,9
16,4,0.06,2.2,11
8,-6,0,0,11
6,-14,0,0,11
15,-6,0,0,11
22,8,T,T,10
22,2,T,T,10
28,19,T,T,10
31,15,0,0,10
28,12,0,0,10
35,15,0,0,10
34,20,0,0,10
34,13,0,0,9
23,13,T,T,9
28,19,T,T,9
30,25,0.05,T,9
33,28,0.02,0,9
36,32,0.23,T,9
35,32,0.04,T,7
34,16,0.05,0.9,6
16,3,T,T,7
11,2,T,T,7
7,-2,T,T,7
9,-5,0,0,7
17,1,0,0,7
16,3,0,0,7
16,8,0.11,2.6,7
21,8,0.02,0.5,10
21,1,0,0,10
29,19,0.07,1,10
33,28,0.12,1.3,12
28,19,0,0,11
24,15,0.05,0.8,11
25,22,0.23,4.7,12
26,15,0.03,0.4,15
24,3,0,0,16
25,0,0,0,15
25,3,T,T,15
23,10,T,0.2,15
24,5,0.09,1.6,15
30,22,0.03,0.7,17
34,17,0,0,17
35,16,0,0,16
37,10,0,0,15
31,7,0,0,14
35,18,T,T,13
31,13,0,0,13
32,14,0,0,13
23,9,T,0.1,13
20,1,0,0,13
26,3,0,0,12
32,5,0,0,12
38,9,0,0,12
38,16,0,0,12
38,19,0,0,12
42,19,0,0,11
41,20,0,0,10
39,20,0,0,10
42,23,0,0,9
41,24,T,0,8
47,35,0.02,0,6
37,34,T,0,4
39,33,0.04,0,4
42,35,0.27,0,2
47,35,0.25,0,T
43,38,0.03,0,T
45,38,0,0,T
64,40,0,0,0
60,41,0,0,0
50,40,0.08,0,0
58,34,0,0,0
64,39,0,0,0
45,29,0,0,0
39,23,0,0,0
50,24,0,0,0
55,30,0,0,0
61,37,0,0,0
55,31,0,0,0
42,24,0,0,0
51,25,0,0,0
52,40,0,0,0
52,33,0,0,0
59,32,0,0,0
75,46,0,0,0
76,50,0,0,0
81,50,0,0,0
72,44,0.06,0,0
61,39,0,0,0
67,50,T,0,0
60,43,0.01,0,0
52,44,0.28,0,0
56,39,0,0,0
52,33,0,0,0
67,32,0,0,0
63,44,0,0,0
69,38,0,0,0
68,47,0,0,0
69,46,0.73,0,0
74,53,0.07,0,0
71,54,0.56,0,0
61,46,0,0,0
65,40,0,0,0
67,38,0,0,0
69,45,0,0,0
71,50,0,0,0
61,42,0,0,0
66,34,0,0,0
69,48,T,0,0
60,50,0.5,0,0
61,47,0.04,0,0
63,44,0,0,0
60,39,0,0,0
69,40,0,0,0
73,56,T,0,0
69,55,0.07,0,0
64,49,0,0,0
64,48,0,0,0
57,46,0.05,0,0
79,41,T,0,0
55,47,T,0,0
54,41,0.04,0,0
48,34,0.55,T,0
52,34,T,T,0
58,32,0,0,0
58,44,0.19,0,0
46,41,0.47,0,0
51,42,0.04,0,0
53,46,0.61,0,0
71,46,0,0,0
74,45,0,0,0
74,54,0,0,0
76,53,0,0,0
75,54,0,0,0
79,50,0,0,0
82,53,0,0,0
65,59,0.02,0,0
82,57,0.12,0,0
88,73,0,0,0
95,72,0,0,0
89,66,0.38,0,0
80,60,0,0,0
81,56,0,0,0
85,61,0,0,0
91,64,0,0,0
81,59,0.03,0,0
78,51,0,0,0
82,62,0.18,0,0
73,58,0.01,0,0
78,52,0.01,0,0
83,63,0.44,0,0
70,59,0.27,0,0
78,57,T,0,0
75,56,0.01,0,0
70,60,0.84,0,0
73,59,0,0,0
66,57,T,0,0
76,60,0.79,0,0
62,54,0.15,0,0
67,59,0,0,0
69,61,0.26,0,0
76,61,0.01,0,0
80,60,0,0,0
89,66,0.01,0,0
86,64,0,0,0
76,64,0,0,0
82,61,0,0,0
79,69,0.07,0,0
91,67,0,0,0
80,64,0.32,0,0
82,60,0,0,0
86,65,0.73,T,0
84,66,2.15,0,0
84,68,0,0,0
75,63,0,0,0
74,58,0,0,0
79,57,0,0,0
86,63,0,0,0
88,68,0,0,0
92,74,0,0,0
85,73,0.1,0,0
85,70,0.8,0,0
88,70,0,0,0
87,68,0.22,0,0
85,63,0,0,0
87,67,0,0,0
86,69,0.08,0,0
83,66,0.17,0,0
79,61,0,0,0
85,63,0,0,0
93,71,0.27,0,0
85,65,0,0,0
90,70,0,0,0
92,67,0.28,0,0
84,68,0,0,0
80,64,0,0,0
86,65,0,0,0
88,66,0,0,0
77,68,0.28,0,0
86,68,T,0,0
83,64,0.51,0,0
83,64,0,0,0
86,67,0,0,0
94,72,0.2,0,0
83,67,0,0,0
82,65,0,0,0
74,67,0.12,0,0
86,68,0,0,0
87,70,T,0,0
86,76,T,0,0
95,74,0,0,0
90,71,0,0,0
82,66,0,0,0
85,63,0,0,0
89,68,0.07,0,0
96,75,0.32,0,0
95,76,0,0,0
90,71,2.47,0,0
93,72,0,0,0
92,72,T,0,0
88,68,1.47,0,0
86,65,T,0,0
77,63,0,0,0
79,58,0,0,0
78,58,0,0,0
78,66,0,0,0
80,71,T,0,0
86,74,T,0,0
85,69,0,0,0
88,65,0,0,0
88,72,0,0,0
78,63,0.23,0,0
73,58,0,0,0
79,56,0,0,0
88,63,0,0,0
89,67,0,0,0
94,68,0,0,0
92,77,T,0,0
86,68,0.35,0,0
77,60,0,0,0
73,59,0.74,0,0
61,51,T,0,0
69,48,0,0,0
73,50,0,0,0
71,59,0.13,0,0
63,52,T,0,0
69,46,0,0,0
65,52,T,0,0
71,58,0.16,0,0
73,56,0,0,0
79,54,0,0,0
74,54,0,0,0
68,53,0,0,0
66,52,0.91,0,0
56,50,0,0,0
64,53,0.01,0,0
60,45,T,0,0
64,50,0,0,0
80,52,0.03,0,0
77,53,0.53,T,0
65,48,1.01,0,0
74,57,1.98,0,0
61,50,0,0,0
61,45,0.02,0,0
65,41,0,0,0
75,45,0,0,0
66,54,0,0,0
74,52,0,0,0
72,49,0,0,0
70,47,T,0,0
56,41,0,0,0
59,38,0,0,0
65,41,0,0,0
74,45,0,0,0
71,54,0,0,0
74,46,0,0,0
87,57,0,0,0
83,58,0,0,0
81,54,0,0,0
80,54,0,0,0
72,52,0,0,0
66,47,0,0,0
69,45,0,0,0
61,43,0,0,0
66,46,0,0,0
59,40,T,0,0
56,39,T,0,0
60,40,0,0,0
68,43,0,0,0
53,40,0,0,0
68,36,0,0,0
65,52,0.01,0,0
61,53,0.51,0,0
61,52,0.67,0,0
63,42,0.37,0,0
42,35,0.05,T,0
42,30,0,0,0
53,28,0,0,0
52,35,0,0,0
49,30,0,0,0
52,31,0,0,0
56,34,0,0,0
56,44,0,0,0
46,33,0,0,0
45,27,0,0,0
57,31,0,0,0
61,36,0,0,0
63,43,0,0,0
69,43,0,0,0
68,45,0.17,0,0
52,37,0,0,0
43,36,0.03,T,0
36,33,0.98,7.7,1
35,33,0.06,0.3,4
39,27,0,0,3
35,30,0.02,0.1,3
37,30,0,0,2
31,27,T,T,2
39,23,0,0,1
29,18,0.02,0,T
34,27,0.03,0,T
31,14,0.02,0.1,T
24,12,0,0,T
33,20,0.12,1.1,T
27,6,T,T,1
26,11,0,0,1
28,10,0,0,1
45,27,0,0,1
41,36,0.59,0,T
36,18,0.03,0.5,T
20,15,T,T,1
20,11,T,T,1
20,10,0.43,5.1,1
25,11,0.09,1,6
18,4,0.01,0.5,6
21,14,T,0.3,6
17,8,0,0,6
18,3,T,T,6
34,11,0.01,0.2,6
28,16,0.05,0.8,5
22,8,1.16,16.3,9
8,-1,0,0,18
6,-8,0,0,17
10,-6,0,0,17
17,4,0,0,16
20,12,T,T,16
15,8,T,T,15
17,8,T,T,14
15,3,0,0,14
26,10,0.36,4.6,14
31,20,0.05,T,16
32,27,T,T,16
27,23,0.15,2.3,16
26,18,0.18,2.3,19
20,16,T,T,19
24,7,T,T,19
21,7,T,T,18
34,14,0,0,17
37,25,T,0,16
42,17,0.27,0,13
24,7,0.03,0.2,10
9,1,T,T,9
17,0,T,0.1,9
21,8,0.03,1.1,9
9,-5,T,T,10
25,3,0.04,0.4,10
18,7,T,T,10
15,8,0.01,0.3,10
12,1,T,T,10
16,-4,T,T,10
22,12,0.16,1.5,8
23,18,0.1,1.2,10
21,2,0,0,11
16,0,0.08,1.9,10
18,14,0.17,2.5,12
16,2,0,0,13
15,4,0.01,0.2,13
25,15,0.07,1.3,14
19,7,T,T,12
13,-3,0.01,0.2,12
9,-11,0.01,0.1,12
3,-16,0.01,1.1,12
6,-3,T,0.1,12
13,-8,0,0,12
27,11,0.01,0.1,12
20,13,T,T,12
25,15,T,T,12
27,22,0.01,0.2,11
31,23,0,0,11
32,15,T,T,11
23,14,0.03,0.5,10
21,14,0.25,4.2,12
15,5,T,T,14
12,-4,0,0,13
19,-2,0,0,13
34,10,0,0,13
27,14,0.01,0.2,12
29,23,0.01,0.3,12
23,0,T,T,12
3,-10,0,0,12
8,-7,0,0,11
12,-11,0,0,11
32,-6,0.01,0.2,11
38,18,0,0,11
48,29,0,0,10
39,32,0,0,6
42,32,0,0,5
52,28,T,0,5
46,30,0.01,0,4
30,15,0,0,2
29,10,0,0,2
27,24,0.85,11.8,2
24,16,0.11,2,14
27,6,T,T,15
34,25,T,T,13
29,15,0,0,11
15,0,0.02,0.3,11
8,-2,0.1,1.3,11
28,2,T,T,12
25,2,0,0,11
41,5,0,0,11
17,-3,0,0,10
32,14,0.01,0.1,9
30,23,0,0,9
29,17,0,0,9
30,11,0.12,1.7,8
30,24,0.03,0.4,10
39,27,T,T,10
36,30,0.09,1,10
33,22,0,0,9
43,20,0.04,0.5,9
31,16,T,T,7
30,15,T,T,7
38,14,0,0,6
44,30,0.04,0,6
52,29,0,0,5
53,38,0,0,1
40,28,0,0,T
50,24,0.04,T,T
44,37,0.1,0,0
46,35,0,0,0
39,33,1.14,0.4,0
33,18,0.34,4.1,2
33,13,0,0,4
33,18,0,0,4
30,16,0,0,4
34,16,0,0,3
36,18,0,0,3
42,21,0,0,2
44,21,0,0,1
48,35,0.11,0,T
47,35,0.07,T,T
54,31,0,0,0
56,43,T,0,0
48,34,0.01,T,0
56,30,0,0,0
58,39,0,0,0
64,36,0,0,0
64,41,0,0,0
58,48,0.01,0,0
76,46,0.1,0,0
63,43,0,0,0
68,42,0,0,0
62,44,T,0,0
48,35,T,0,0
49,33,0.13,0.6,0
41,32,T,T,1
49,32,0,0,0
50,35,0,0,0
45,35,T,T,0
46,32,0.2,1.3,1
50,32,0.16,0,0
45,39,0.09,0,0
48,39,0.04,0,0
62,36,0,0,0
65,39,0,0,0
57,38,1.46,0,0
44,35,T,T,0
56,35,0.06,T,0
65,36,T,0,0
60,43,0.47,0,0
43,33,T,T,0
40,33,T,T,0
59,32,0,0,0
66,37,T,0,0
63,46,0.15,0,0
70,45,0,0,0
72,53,0,0,0
65,53,0.18,0,0
70,54,0.47,T,0
88,56,T,0,0
78,61,0.02,0,0
65,51,0.02,0,0
56,46,T,0,0
52,44,0.08,0,0
64,44,0,0,0
69,40,0,0,0
68,44,0,0,0
73,49,0,0,0
71,58,0,0,0
73,59,0.28,0,0
73,61,1.74,0,0
69,58,0.57,0,0
75,59,0.01,0,0
67,56,0.01,0,0
64,50,0.1,0,0
64,45,0,0,0
63,47,0.22,0,0
70,50,0.15,0,0
68,54,0.01,0,0
88,62,0.03,0,0
77,59,T,0,0
76,55,0,0,0
80,60,0,0,0
91,68,0.02,0,0
84,64,0,0,0
84,62,0,0,0
97,70,0,0,0
103,78,0,0,0
83,58,0,0,0
68,52,T,0,0
62,53,0.29,0,0
69,52,0.02,0,0
68,52,0,0,0
77,55,0,0,0
80,61,0.92,0,0
74,58,0.43,0,0
80,62,0,0,0
84,60,0.8,0,0
72,67,0.28,0,0
79,63,0,0,0
77,62,0,0,0
79,65,1.2,0,0
70,53,1.29,0,0
63,53,0.01,0,0
78,52,0,0,0
68,61,0.02,0,0
79,61,T,0,0
77,61,T,0,0
79,58,0,0,0
86,62,0,0,0
95,72,0,0,0
99,71,0.14,0,0
85,67,0,0,0
86,64,0,0,0
90,68,0,0,0
88,70,0.01,0,0
87,64,0,0,0
87,69,T,0,0
91,71,0,0,0
88,76,T,0,0
92,69,0.62,0,0
88,69,T,0,0
78,65,0,0,0
77,61,0,0,0
74,64,0.13,0,0
77,71,1.84,0,0
87,71,1.08,0,0
93,79,T,0,0
98,80,T,0,0
97,74,0.28,0,0
96,80,0,0,0
86,71,0,0,0
89,71,0,0,0
85,68,0.68,0,0
83,63,0,0,0
89,68,0,0,0
84,68,T,0,0
89,72,0.44,0,0
89,73,0,0,0
89,68,0,0,0
90,68,0.01,0,0
93,68,0,0,0
83,71,0.82,0,0
88,74,0.01,0,0
87,67,0,0,0
85,68,0,0,0
85,70,0,0,0
88,73,T,0,0
82,67,0,0,0
82,68,0,0,0
76,62,0,0,0
81,58,0,0,0
84,63,0,0,0
77,65,0.01,0,0
81,62,0.61,0,0
84,63,0,0,0
84,67,0,0,0
84,68,1.42,0,0
81,62,0,0,0
84,61,0,0,0
84,65,0.01,0,0
78,61,0.01,0,0
79,61,T,0,0
85,62,0,0,0
87,68,0.12,0,0
81,67,0,0,0
83,63,0,0,0
87,66,0,0,0
79,60,T,0,0
78,59,0,0,0
81,59,0,0,0
71,64,0.02,0,0
85,64,T,0,0
94,71,0,0,0
82,72,0.02,0,0
81,60,T,0,0
71,53,T,0,0
72,48,0,0,0
74,51,0,0,0
79,53,0,0,0
86,57,0,0,0
90,63,0,0,0
89,63,0,0,0
89,65,0,0,0
90,61,0,0,0
70,54,0,0,0
60,41,0,0,0
58,36,0,0,0
60,48,0,0,0
67,49,T,0,0
61,53,0.2,0,0
75,51,0,0,0
73,55,0.04,0,0
61,49,0.05,0,0
57,46,T,0,0
60,47,0,0,0
62,41,0,0,0
67,45,T,0,0
70,53,T,0,0
67,58,0.05,0,0
81,56,0,0,0
66,55,T,0,0
64,44,0,0,0
64,38,0,0,0
80,43,0,0,0
83,50,0,0,0
85,52,0,0,0
88,62,0,0,0
83,57,0,0,0
85,65,0,0,0
83,71,T,0,0
83,64,0,0,0
76,57,0.12,0,0
76,54,0.02,0,0
69,57,0.54,0,0
60,48,T,0,0
57,48,0,0,0
60,43,T,0,0
59,45,0,0,0
58,41,0,0,0
47,42,T,0,0
49,39,0,0,0
55,35,0,0,0
61,32,0,0,0
61,40,0,0,0
58,42,0.01,0,0
62,39,0,0,0
56,42,T,0,0
51,40,T,0,0
53,36,0.01,0,0
56,34,0,0,0
54,31,0,0,0
50,39,T,0,0
50,33,0,0,0
55,45,T,0,0
51,37,T,0,0
54,30,0,0,0
56,28,0,0,0
57,40,0,0,0
55,43,T,0,0
50,35,0,0,0
47,34,0,0,0
50,34,T,T,0
39,31,T,T,0
50,30,0,0,0
64,31,0,0,0
49,40,0,0,0
52,35,0,0,0
51,30,0,0,0
39,24,0,0,0
32,16,0,0,0
48,32,0,0,0
37,23,0.21,3,0
27,16,0,0,3
36,20,0,0,2
38,34,0,0,1
52,35,0,0,0
59,36,0,0,0
54,44,0,0,0
50,37,0.08,0,0
37,31,T,0,0
39,25,0,0,0
40,25,0,0,0
41,24,0.01,T,0
32,17,0.04,0.4,T
34,14,0,0,T
34,29,0.18,4.2,T
29,22,0.01,0.2,4
22,17,T,T,3
19,10,T,0.1,3
29,14,0,0,3
29,12,0,0,2
17,5,0,0,2
27,6,0,0,2
39,19,0,0,2
40,36,0.01,0,T
38,35,0.01,0,0
39,35,0.37,0,0
37,19,T,T,0
26,17,T,0.1,0
35,20,0.01,0.2,T
47,21,0,0,0
38,26,0,0,0
33,20,0,0,0
31,18,T,0.2,0
28,21,0,0,T
37,19,0.02,0.2,0
42,18,0,0,T
42,30,0,0,T
52,25,0,0,0
40,24,0,0,0
39,23,0.01,0,0
37,28,0,0,0
32,28,T,T,0
43,28,0.33,1.7,0
34,19,T,T,1
20,11,T,T,1
29,10,0,0,1
37,23,0,0,1
45,24,0,0,1
46,37,0,0,T
37,25,0,0,0
40,21,0,0,0
49,34,0,0,0
52,27,0,0,0
38,13,T,T,0
14,10,T,T,T
13,7,0.02,0.4,T
21,5,0.03,0.5,T
40,18,0,0,1
32,20,0,0,T
20,5,0.01,0.1,T
26,-1,T,0.1,T
4,-11,0,0,T
12,0,0.07,1.1,T
22,-1,0,0,1
26,20,0.01,0,1
26,19,0.15,1.9,2
24,12,T,T,2
32,22,T,T,2
40,24,0,0,2
36,20,0.04,0.1,1
28,18,0.03,0.4,1
22,11,T,T,1
44,19,T,T,1
45,29,0,0,1
32,28,0,0,T
36,28,0,0,T
33,27,0,0,0
36,23,T,T,0
30,27,0,0,0
46,25,0,0,0
32,15,0,0,0
33,12,0,0,0
38,17,0,0,0
28,6,T,T,0
21,1,0,0,0
32,6,0,0,0
31,15,0.04,0.3,0
34,22,0.01,0.1,T
36,23,T,T,T
41,24,0,0,0
43,26,0,0,0
37,18,0,0,0
44,19,0,0,0
44,27,0.23,1.9,0
35,30,0.07,0.8,3
35,22,0,0,2
39,28,0,0,2
30,14,0.01,0.1,1
28,11,T,0.1,1
39,26,T,T,1
30,22,T,T,T
33,24,0.7,0.6,T
34,31,0.65,2.2,1
36,29,0.09,0.8,2
35,28,T,T,2
28,16,0.02,0.3,2
29,8,0,0,2
35,16,0,0,2
60,29,0,0,2
54,26,0.04,0,0
37,21,0.01,0.2,0
34,15,0,0,0
66,34,0,0,0
66,46,0.02,0,0
52,43,0.28,0,0
67,34,0,0,0
73,48,0,0,0
63,42,0,0,0
79,42,0,0,0
80,59,0,0,0
79,61,0,0,0
79,61,0.58,0,0
65,57,0.01,0,0
66,55,0.02,0,0
70,56,0.12,0,0
73,59,T,0,0
70,51,0,0,0
58,38,0,0,0
47,37,0.05,0,0
68,42,T,0,0
54,40,0,0,0
61,40,0.16,0,0
50,39,T,0,0
50,41,0,0,0
67,45,0,0,0
70,50,0.46,T,0
64,46,0,0,0
62,40,0,0,0
59,42,0,0,0
61,37,0,0,0
57,44,0.17,0,0
61,37,0,0,0
48,31,0,0,0
44,28,0,0,0
54,27,0,0,0
63,34,0,0,0
53,47,0.07,0,0
73,45,T,0,0
75,47,1.19,0,0
48,34,0.24,T,0
58,33,0.13,0,0
63,46,0.05,0,0
47,39,0.06,0,0
58,33,0,0,0
52,41,0.29,0,0
56,41,0.03,0,0
65,36,0,0,0
73,49,T,0,0
73,49,0.05,0,0
56,44,0,0,0
56,42,T,0,0
51,40,0.25,T,0
57,44,0.05,0,0
63,44,T,0,0
74,51,0.75,0,0
81,58,0.03,0,0
80,60,0.76,0,0
74,53,0.38,0,0
60,54,0.91,0,0
64,52,1.4,T,0
66,51,0,0,0
60,49,0.06,0,0
66,46,0,0,0
73,46,0,0,0
71,51,0.06,0,0
69,50,0,0,0
76,49,0,0,0
85,55,0,0,0
74,55,0,0,0
70,47,0,0,0
83,56,0,0,0
93,63,0,0,0
88,63,0.42,0,0
63,51,0.02,0,0
74,47,0,0,0
85,56,0,0,0
89,64,0.81,0,0
65,57,2.58,0,0
69,53,T,0,0
64,59,0.65,0,0
92,64,0.32,0,0
80,60,0.19,0,0
64,52,T,0,0
62,47,T,0,0
66,49,T,0,0
72,46,0,0,0
76,54,0,0,0
77,57,0,0,0
84,60,0,0,0
83,61,0,0,0
82,62,0.02,0,0
82,65,0,0,0
90,71,0.01,0,0
92,72,0,0,0
93,64,0.37,0,0
74,55,0,0,0
69,51,0,0,0
76,55,T,0,0
70,61,0.86,0,0
81,63,0,0,0
83,66,0.31,0,0
78,60,1.15,0,0
90,67,0.1,0,0
93,65,0.61,0,0
83,64,0.16,0,0
77,61,0,0,0
81,62,0,0,0
78,66,T,0,0
84,66,0,0,0
77,60,0,0,0
82,60,0,0,0
93,69,0,0,0
88,71,0,0,0
90,64,0,0,0
92,70,T,0,0
94,73,0,0,0
99,77,0,0,0
97,68,0.05,0,0
101,81,T,0,0
96,79,0,0,0
102,66,0.54,0,0
86,64,T,0,0
90,71,0,0,0
87,69,0,0,0
88,65,0,0,0
88,66,0,0,0
89,70,T,0,0
91,67,1,T,0
91,68,T,0,0
90,74,0,0,0
98,77,0,0,0
94,76,0,0,0
83,71,0.83,0,0
84,69,0,0,0
87,67,T,0,0
89,71,0.22,0,0
89,75,T,0,0
96,76,0.05,0,0
82,70,1.69,0,0
92,75,0.01,0,0
84,66,0,0,0
80,64,0,0,0
83,65,T,0,0
80,66,0.51,0,0
89,69,0,0,0
88,68,0,0,0
92,69,T,0,0
90,72,0,0,0
89,66,0.38,0,0
78,65,0.02,0,0
76,57,0,0,0
86,61,0,0,0
88,68,0,0,0
80,64,0.01,0,0
79,60,0.1,0,0
79,56,0,0,0
79,54,0,0,0
68,61,T,0,0
83,57,0,0,0
78,59,T,0,0
83,64,0.73,0,0
71,56,0,0,0
74,50,0,0,0
78,56,0.02,0,0
77,57,0,0,0
79,51,0,0,0
80,56,0,0,0
79,58,0.04,0,0
86,70,0.01,0,0
89,66,0,0,0
76,66,0.06,0,0
86,67,0.01,0,0
87,61,0,0,0
84,66,0,0,0
93,69,0,0,0
92,72,0,0,0
86,63,0,0,0
86,65,0,0,0
88,62,0,0,0
92,70,0,0,0
92,68,0,0,0
84,61,0.02,0,0
81,57,T,0,0
72,55,T,0,0
79,50,0,0,0
75,52,0,0,0
83,54,0,0,0
95,63,0,0,0
78,56,0.09,0,0
75,53,0,0,0
76,50,0,0,0
85,52,0,0,0
80,61,0,0,0
64,47,0.19,0,0
61,43,0,0,0
76,52,T,0,0
66,50,0,0,0
63,40,T,0,0
60,39,T,0,0
61,36,0,0,0
77,40,0,0,0
68,45,0,0,0
65,40,0,0,0
69,41,0,0,0
76,46,0,0,0
82,51,0,0,0
77,48,0,0,0
72,53,0,0,0
72,44,0,0,0
78,48,0,0,0
64,42,0,0,0
48,36,0,0,0
45,33,0,0,0
53,28,0,0,0
64,39,T,0,0
50,36,0.03,0,0
55,32,0,0,0
55,33,T,0,0
53,28,0,0,0
53,47,0.04,0,0
59,45,0,0,0
61,38,T,0,0
65,52,T,0,0
62,47,T,0,0
50,43,0.01,0,0
52,38,0.21,0,0
54,34,0,0,0
71,42,0,0,0
64,50,T,0,0
65,55,0.08,0,0
60,47,0.18,0,0
47,35,0.75,T,0
39,32,0,0,0
43,28,0,0,0
46,29,0,0,0
45,31,0,0,0
50,28,0,0,0
52,25,0,0,0
47,31,0,0,0
39,27,0,0,0
43,37,0,0,0
45,30,0.01,0,0
45,38,T,0,0
44,38,0.31,0,0
47,38,0,0,0
54,34,0,0,0
55,35,0,0,0
69,44,0.24,0,0
56,22,0.02,T,0
27,19,0.01,0.2,0
43,18,0,0,T
51,34,0,0,0
53,29,T,0,0
44,23,0,0,0
54,32,0,0,0
57,43,0,0,0
59,38,T,0,0
54,33,0,0,0
62,38,0,0,0
60,24,0.02,0.1,0
27,14,0.02,0.5,1
30,11,T,T,T
30,23,0,0,T
23,10,0,0,T
39,16,0,0,T
36,25,0,0,0
40,23,0,0,0
36,31,0,0,0
48,34,0,0,0
40,29,0,0,0
55,37,0.02,0,0
45,21,0,0,0
40,19,0,0,0
46,27,T,0,0
32,24,0.05,0.8,0
33,25,0,0,1
32,20,0.95,10.5,2
20,2,T,0.1,9
20,4,T,0.1,8
43,12,0,0,8
40,24,0,0,6
39,20,0,0,6
39,33,0.42,0.1,4
34,20,T,T,1
25,20,T,T,1
29,23,T,T,1
32,27,0.02,0.2,1
28,13,0.02,0.5,1
21,9,0,0,1
29,9,0,0,1
19,10,0,0,1
18,6,0.01,0.5,1
13,0,0,0,1
19,5,0,0,1
21,8,0.09,1,1
26,13,0.06,1.2,3
19,5,T,T,3
25,1,0,0,3
18,1,T,T,3
20,-5,T,T,3
21,14,0.01,0.4,3
22,11,T,0.6,3
30,16,0,0,3
26,10,0,0,3
24,10,0,0,3
36,15,0,0,3
35,16,0,0,3
35,25,0,0,3
39,24,0.28,0,2
41,34,0.02,0,1
39,5,T,T,0
9,2,T,T,0
14,5,0,0,T
30,10,0,0,T
36,14,0.02,0.3,T
20,6,T,T,T
41,17,0.01,0.1,T
39,2,0,0,T
9,-2,T,T,0
-2,-10,T,T,T
5,-12,0,0,T
17,-5,T,0.2,T
13,-6,T,T,T
21,4,T,T,T
23,2,0,0,0
33,21,0.49,3,0
33,30,T,0,3
33,25,0.03,0,2
26,6,T,T,2
7,-10,T,T,2
4,-13,0.06,2,2
9,0,0.03,0.7,4
13,3,0.04,0.9,4
14,3,0.06,1.2,5
27,8,0.05,1.2,6
23,3,0.04,0.7,5
25,18,T,0,5
23,16,0,0,5
29,22,0,0,5
35,25,0.62,2.2,5
32,19,T,0.1,6
36,16,0,0,6
39,20,0.09,0.5,6
34,15,0.09,1.1,7
18,6,0,0,7
20,2,T,T,7
32,9,0,0,7
34,9,0.01,0.3,6
10,0,T,T,6
19,-3,0,0,5
23,7,0,0,5
29,20,0.24,4.2,7
29,20,0,0,9
34,12,0,0,8
37,23,0,0,7
36,17,0,0,6
38,29,0,0,6
31,25,0,0,6
31,19,0,0,6
32,10,0,0,6
32,18,0,0,6
29,23,0.34,3.9,5
30,22,0.41,5.4,11
29,17,0,0,13
31,11,0,0,11
39,19,0,0,11
38,33,0.61,0,8
36,31,0.01,T,6
31,23,0,0,6
29,20,T,T,6
33,14,0,0,6
40,24,0.06,0.6,6
35,24,0.19,0.8,5
27,14,0,0,6
29,9,0,0,6
30,11,0.23,3.1,8
23,7,0,0,8
21,5,0,0,8
29,7,0,0,8
37,13,0,0,7
39,20,0,0,6
33,29,0,0,6
38,24,0,0,6
39,27,0,0,5
43,23,0,0,4
44,25,0,0,4
49,32,T,0,2
56,36,0.19,0,T
42,24,0,0,T
36,19,0,0,T
38,19,0,0,0
48,23,0,0,0
53,33,0,0,0
44,28,0.07,T,0
55,37,0.09,0,0
48,35,0.19,0,0
48,40,0.52,0,0
44,31,0.48,0.7,0
40,30,0.09,0.7,1
36,31,0.76,4.4,1
36,28,0.06,0.6,4
36,29,0.01,0.2,4
38,30,0.46,0.2,3
40,33,0,0,2
47,33,0,0,1
42,35,0.26,T,0
35,32,1.02,6.4,0
38,26,0.12,0.9,7
42,21,0,0,5
51,34,0.15,T,3
44,33,0.82,3.5,0
42,29,0.02,0.3,3
51,29,T,0,T
51,33,T,T,0
72,45,0.02,0,0
75,43,0,0,0
81,54,0.08,0,0
75,51,0,0,0
72,56,0,0,0
56,35,0.35,T,0
48,35,T,T,0
38,32,0.2,0.5,0
49,34,0.08,T,0
67,39,0,0,0
76,46,0,0,0
78,53,0,0,0
78,58,0.12,0,0
60,43,0.1,0,0
67,37,T,0,0
57,42,T,0,0
59,34,0,0,0
72,41,0.01,0,0
98,54,0,0,0
79,56,0,0,0
83,58,T,0,0
66,57,0.25,0,0
81,56,1.47,0,0
82,64,1.16,0,0
72,60,0.6,0,0
65,49,0.07,0,0
55,47,0.13,0,0
65,45,0,0,0
68,44,0.16,0,0
62,54,T,0,0
60,54,0,0,0
62,55,0.05,0,0
62,54,0.06,0,0
76,55,0.92,0,0
77,65,0.26,0,0
79,63,0.25,0,0
72,52,0.06,0,0
67,50,0,0,0
71,51,T,0,0
64,57,0.02,0,0
60,54,0.15,0,0
58,51,T,0,0
66,54,0,0,0
72,56,0,0,0
69,58,0.54,0,0
77,59,0,0,0
79,60,T,0,0
76,62,0.59,0,0
79,58,0,0,0
79,60,0.01,0,0
76,65,0.02,0,0
86,60,0.01,0,0
82,62,0,0,0
75,57,0,0,0
85,61,0,0,0
91,70,0,0,0
82,64,2.5,T,0
82,66,0.54,0,0
84,70,0.26,0,0
82,66,T,0,0
84,66,0,0,0
89,73,T,0,0
87,72,0,0,0
79,67,0.09,0,0
77,63,0.38,0,0
82,57,0,0,0
85,63,0,0,0
83,61,0,0,0
84,61,0,0,0
90,66,0,0,0
89,72,0,0,0
92,76,T,0,0
91,73,0.03,0,0
89,67,0,0,0
87,71,0.34,0,0
83,63,0,0,0
86,64,0,0,0
90,68,0,0,0
80,65,2.79,0,0
86,71,0,0,0
89,70,0,0,0
92,76,0,0,0
94,78,0,0,0
94,80,0,0,0
86,72,T,0,0
82,66,T,0,0
81,59,0.29,0,0
88,67,T,0,0
77,63,0,0,0
78,61,T,0,0
83,64,0.03,0,0
72,56,0.01,0,0
64,53,0.02,0,0
75,53,0,0,0
79,56,T,0,0
72,65,T,0,0
83,63,T,0,0
83,59,0,0,0
79,61,0,0,0
80,58,0,0,0
76,56,0,0,0
81,61,0.65,0,0
86,59,1.33,T,0
77,62,0,0,0
75,58,0,0,0
76,60,0,0,0
77,62,0,0,0
80,65,0,0,0
80,63,0,0,0
76,57,0,0,0
78,58,0,0,0
79,59,0,0,0
80,61,0,0,0
82,60,0,0,0
83,62,0,0,0
88,69,0,0,0
90,71,0,0,0
88,74,T,0,0
87,68,0,0,0
88,64,0,0,0
90,71,0,0,0
96,80,0,0,0
97,80,0,0,0
96,79,0,0,0
92,73,0,0,0
95,75,0.03,0,0
85,72,0,0,0
89,66,0.06,0,0
75,61,0,0,0
68,55,0,0,0
78,53,0,0,0
88,62,0,0,0
82,64,0,0,0
92,70,T,0,0
94,71,0,0,0
77,67,T,0,0
94,70,T,0,0
81,70,0.02,0,0
86,66,0,0,0
76,57,0,0,0
70,49,0,0,0
73,51,0.47,0,0
67,50,0.33,0,0
67,44,0,0,0
67,48,0.03,0,0
75,60,0.14,0,0
78,64,0.18,0,0
66,51,0.04,0,0
64,47,0,0,0
74,49,0,0,0
74,53,0,0,0
76,53,0,0,0
74,54,0,0,0
82,56,0,0,0
86,65,T,0,0
72,51,0.14,0,0
77,48,0,0,0
80,58,0,0,0
77,53,0,0,0
77,48,0.9,0,0
61,55,0.03,0,0
59,55,0.29,0,0
61,46,0.01,0,0
55,42,0.05,0,0
67,43,0,0,0
77,50,0,0,0
76,56,0,0,0
78,52,0,0,0
75,57,0.04,0,0
58,46,T,0,0
61,39,0,0,0
55,42,0.56,0,0
55,46,0.62,0,0
55,42,0.01,0,0
59,41,0.17,0,0
53,38,0.02,0,0
49,34,0.06,T,0
47,33,0.08,0,0
40,29,T,T,0
40,26,T,T,0
39,33,0,0,0
44,33,0,0,0
58,28,0,0,0
50,36,0,0,0
58,31,0,0,0
44,31,0,0,0
42,32,0.03,0,0
50,40,0.13,0,0
50,40,T,0,0
52,38,0,0,0
50,34,0,0,0
55,35,0,0,0
49,36,0.17,0,0
45,30,0.18,0.7,0
40,30,0.05,0.4,T
36,28,0,0,0
47,24,T,0,0
46,36,T,0,0
42,33,0,0,0
39,16,T,T,0
28,12,0,0,0
50,23,0,0,0
52,35,0,0,0
56,32,0,0,0
50,41,0.11,0,0
46,32,0,0,0
36,25,0,0,0
47,23,0,0,0
45,37,0,0,0
39,25,0.01,T,0
33,13,0,0,T
19,7,0,0,T
31,8,0,0,T
40,28,T,T,0
31,15,T,T,0
25,9,0,0,0
29,15,0,0,0
34,14,0,0,0
42,25,0,0,0
34,21,0,0,0
38,28,0.12,0.5,0
36,32,0.08,T,0
32,14,0.52,4.1,1
14,0,T,T,3
5,-7,0,0,3
1,-11,0,0,3
12,-1,0.07,1.6,3
12,-3,T,0.1,4
13,2,0.06,1.8,5
5,-8,0,0,4
19,1,T,T,4
17,11,0.02,0.1,4
16,0,0.06,0.7,5
4,-1,0,0,5
22,1,0.1,1.1,5
33,9,T,T,6
37,8,0,0,6
28,16,0.03,0.4,5
20,15,0.02,0.3,6
23,16,0,0,6
19,5,0.03,0.8,6
5,-6,T,0.3,7
11,-13,0.23,2.8,6
28,9,0.02,0.2,9
26,11,0.01,0.2,9
40,14,0,0,8
47,20,T,0,7
20,-11,T,T,5
2,-11,0.09,0.9,5
-1,-9,T,T,6
1,-8,0,0,6
4,-10,0,0,6
29,-10,0.12,0.3,6
35,-2,0.02,T,6
-2,-20,T,T,6
-12,-23,T,T,6
5,-15,0,0,6
4,-11,0,0,6
20,-11,0,0,6
31,16,T,T,6
32,23,0,0,6
40,22,0,0,6
34,27,0.01,0.3,6
28,7,0.26,4.1,9
25,-1,0.03,0.5,10
35,7,0.05,0.6,11
13,1,T,T,10
23,9,0.17,4.5,14
39,17,0,0,13
31,-3,0.01,0.2,10
6,-13,0.02,0.5,10
8,-8,0.01,0.6,11
2,-17,0,0,11
33,2,0.08,1.3,10
24,2,0.11,2.3,11
18,-8,0.09,1.1,13
-6,-16,0,0,12
0,-16,0,0,12
34,-6,0,0,12
28,-4,0.44,6.4,12
9,-9,0,0,16
22,-1,T,T,16
14,-7,0,0,15
16,-1,0,0,14
11,-1,0,0,14
4,-5,T,T,14
4,-11,0,0,14
12,-5,0,0,13
15,-4,T,T,13
9,-7,0,0,13
8,-11,0,0,13
13,-12,T,T,13
24,12,0.03,0.5,13
30,5,T,0.2,13
16,1,0,0,13
19,0,0.12,1.8,13
22,4,0,0,14
29,18,0.32,4.9,15
44,16,0,0,18
40,21,0,0,17
36,15,0.83,8.4,16
16,6,0.06,1.5,24
14,4,0,0,23
17,1,0,0,21
14,-3,0.01,0.2,20
6,-7,T,T,20
20,-11,T,T,20
1,-14,0,0,20
14,-9,0.04,0.9,20
8,-7,T,T,21
3,-15,0,0,20
10,-10,0.02,0.3,19
19,7,T,T,19
24,12,0,0,19
26,12,0,0,16
33,23,T,0,16
29,15,0,0,16
44,17,0,0,15
53,32,0,0,15
44,29,T,0,13
30,19,0,0,11
50,20,0,0,10
44,26,0,0,6
31,20,0,0,5
25,11,0,0,5
35,23,0.06,0.2,4
37,28,0.15,2.3,4
36,26,0.06,0.6,7
44,22,0,0,6
45,20,T,T,4
22,8,0,0,2
26,8,T,T,2
31,17,0.08,1.2,2
24,10,T,T,2
40,13,0,0,2
40,31,0.44,0.1,T
38,27,0,0,T
43,22,0,0,T
60,36,0,0,0
58,29,0.01,0,0
37,20,0.02,0.2,0
43,21,0,0,0
40,27,0.68,5,0
40,25,0.11,1.5,6
50,24,0,0,4
62,40,0,0,T
60,38,0,0,0
54,34,0,0,0
71,35,0,0,0
62,45,T,0,0
63,43,T,0,0
55,44,0.14,0,0
44,32,0,0,0
38,24,0,0,0
36,18,0,0,0
37,28,0.68,0.3,0
42,28,T,T,T
52,26,0,0,0
67,42,0.11,0,0
74,45,0.1,0,0
68,44,0.2,0,0
59,38,0,0,0
47,40,0.26,0,0
45,38,0.84,0,0
64,36,0,0,0
55,37,0.04,0,0
45,38,1.76,0,0
45,41,0.7,0,0
42,34,0.6,T,0
46,35,0.03,0,0
49,37,0.04,0,0
59,42,T,0,0
59,43,0,0,0
57,36,0,0,0
64,50,0,0,0
65,47,0,0,0
65,51,0.04,0,0
69,51,0.59,0,0
60,46,0,0,0
70,41,0.06,0,0
68,48,0.63,0,0
63,49,0.27,0,0
53,43,0,0,0
59,38,0,0,0
49,40,0,0,0
54,40,0,0,0
66,41,0,0,0
72,49,0,0,0
60,51,2.25,0,0
78,50,0,0,0
66,51,0,0,0
71,47,0,0,0
75,50,0,0,0
80,58,0,0,0
79,56,0,0,0
82,66,0.01,0,0
73,61,0.01,0,0
81,58,0,0,0
84,57,0,0,0
87,64,0,0,0
86,68,0.65,0,0
72,65,2.37,0,0
80,60,0.02,0,0
75,56,0,0,0
81,61,0,0,0
78,63,0.03,0,0
84,59,T,0,0
67,51,0.89,0,0
71,49,0,0,0
70,59,T,0,0
77,55,0,0,0
81,61,0.18,0,0
66,54,0,0,0
76,51,0,0,0
66,58,1.6,0,0
76,57,0.64,0,0
85,63,0.38,0,0
82,62,0.01,0,0
81,69,0.51,0,0
74,65,4.13,0,0
85,67,T,0,0
85,67,0,0,0
77,66,0.09,0,0
83,66,0,0,0
84,64,0,0,0
72,56,0,0,0
81,58,0,0,0
81,70,T,0,0
83,69,0.5,0,0
85,64,0.01,0,0
81,65,T,0,0
75,55,0.15,0,0
74,54,0.01,0,0
78,58,0,0,0
78,60,0,0,0
84,65,0,0,0
90,69,0.13,0,0
87,65,0.37,0,0
77,62,0,0,0
79,58,0,0,0
85,61,0,0,0
81,65,1.03,0,0
80,68,0.06,0,0
78,63,0,0,0
65,56,0.07,0,0
72,54,T,0,0
77,55,0,0,0
79,59,0,0,0
79,60,0,0,0
79,67,0,0,0
87,70,0,0,0
92,74,0,0,0
86,70,0,0,0
84,61,0,0,0
82,63,0,0,0
81,64,0.42,0,0
86,71,0,0,0
78,65,0.03,0,0
77,63,0,0,0
81,59,0,0,0
83,60,0,0,0
84,63,0,0,0
87,65,0,0,0
87,67,T,0,0
88,68,0.67,0,0
81,68,0,0,0
81,62,0,0,0
82,62,0,0,0
83,65,0,0,0
83,67,0,0,0
79,67,T,0,0
84,68,0.15,0,0
78,62,0.04,0,0
80,57,0,0,0
83,63,0,0,0
80,59,0,0,0
85,64,0,0,0
86,67,0.08,0,0
81,68,0.27,0,0
87,67,0.01,0,0
81,65,0,0,0
83,65,0,0,0
85,70,0.07,0,0
79,70,0,0,0
77,69,T,0,0
89,73,0.14,0,0
79,64,0,0,0
76,56,T,0,0
78,59,T,0,0
72,61,0.02,0,0
80,66,0.68,0,0
77,64,0.3,0,0
85,62,0.47,0,0
78,65,0.17,0,0
78,62,0,0,0
80,60,0.13,0,0
86,66,T,0,0
66,55,0,0,0
77,52,0,0,0
76,56,0,0,0
75,58,T,0,0
75,61,0.18,0,0
68,47,0.03,0,0
57,43,0,0,0
56,43,0,0,0
60,39,0,0,0
65,50,0,0,0
62,48,0.06,0,0
68,43,0,0,0
77,55,0,0,0
75,48,0,0,0
81,57,T,0,0
77,57,0.24,0,0
67,50,0,0,0
72,48,0,0,0
74,51,0,0,0
65,58,0.04,0,0
77,59,0,0,0
82,58,0,0,0
83,63,0,0,0
82,59,0,0,0
67,44,0.07,0,0
59,42,0,0,0
59,50,0.69,0,0
60,47,0.78,0,0
50,36,0.09,0,0
51,37,0.03,0,0
49,35,0,0,0
63,36,T,0,0
60,45,0,0,0
59,39,0,0,0
54,34,0,0,0
53,34,0,0,0
57,31,0,0,0
61,42,0,0,0
57,50,0.02,0,0
65,47,0,0,0
66,38,0,0,0
72,41,0,0,0
58,49,0,0,0
54,39,0,0,0
69,40,0,0,0
64,42,0,0,0
58,38,0,0,0
60,39,T,0,0
68,48,0.14,0,0
67,46,0,0,0
63,44,0,0,0
64,36,0,0,0
67,43,0,0,0
49,40,T,0,0
43,36,0,0,0
49,31,0,0,0
40,26,0,0,0
42,23,0,0,0
56,33,0,0,0
55,41,T,0,0
53,37,0,0,0
45,34,0.04,0,0
44,30,T,0,0
48,29,0.01,0,0
43,34,T,0,0
39,31,0,0,0
31,24,0.28,2.6,1
26,18,0.04,0.8,3
23,15,T,T,3
24,17,T,T,3
22,8,0,0,3
22,6,0.16,1.3,3
22,7,0.01,0.3,4
15,6,0,0,4
18,8,T,T,4
23,16,0.02,0.5,4
18,7,0,0,4
34,3,0,0,4
39,34,0,0,3
51,32,0.03,T,T
32,15,0.01,0.5,T
24,10,0,0,T
26,10,0.17,2.2,T
10,-4,0.02,0.3,2
24,6,0.08,0.9,3
38,21,0,0,3
24,4,0,0,2
6,-3,0,0,2
22,2,T,T,2
23,11,0,0,2
32,14,0,0,2
32,25,0,0,2
32,17,0,0,1
35,22,0.01,0.1,1
35,21,T,T,1
23,15,T,T,1
29,21,0,0,1
32,27,0,0,1
37,32,0,0,1
51,33,0.01,0,T
50,43,0.01,0,0
51,30,0.19,T,0
30,17,0.04,0.8,1
20,9,T,T,1
22,11,0.02,0.4,1
30,20,T,T,1
32,29,0,0,1
39,31,0.19,0.1,1
38,35,0.12,0,0
36,34,T,T,0
36,31,0,0,0
35,30,T,T,0
32,28,0.05,0.8,0
28,11,0.22,3.4,4
24,7,0,0,4
10,-3,0,0,4
4,-7,0,0,3
13,-7,0,0,3
30,11,T,T,3
28,6,0,0,3
33,12,T,0.1,3
12,-7,0,0,3
1,-11,0.06,0.5,3
8,-5,0,0,3
-1,-9,0,0,3
16,-6,0.15,3,3
6,-4,0,0,5
19,-4,0,0,4
14,3,T,0.1,4
5,-5,0,0,4
15,-10,0.02,0.4,4
24,15,0.01,0.2,4
35,19,0,0,4
30,27,0,0,4
38,26,0,0,3
39,25,0,0,3
37,22,0.01,0.1,2
32,28,0.05,0.8,2
30,26,0.01,0.1,2
30,18,0,0,2
39,29,0,0,2
42,29,T,0,2
35,20,0.03,0.1,1
45,22,T,T,1
36,30,0,0,T
31,28,T,0,T
34,15,T,0,T
27,11,0,0,T
28,19,0,0,T
21,5,0.02,0.5,T
16,0,0,0,T
16,6,0.06,1.5,T
15,-1,0.01,0.4,2
19,-7,0,0,2
30,13,0,0,1
36,20,0,0,1
32,23,0,0,T
33,20,0,0,T
29,22,0.13,0.8,T
30,2,0.01,0.1,1
10,-3,0,0,1
30,6,T,T,1
12,-3,0,0,1
9,0,T,T,1
20,8,0.01,0.4,1
10,-2,T,T,1
2,-9,0,0,1
9,-11,0,0,1
25,5,0.07,0.8,1
24,0,0.01,0.1,1
0,-9,0,0,1
23,-11,0,0,1
32,13,0.01,0.1,1
16,5,0.02,0.2,1
11,-3,0,0,1
15,-6,0,0,T
20,-3,0,0,T
28,14,T,T,T
26,9,0,0,T
29,6,0.13,1.9,T
12,-2,0,0,2
15,-7,0,0,2
39,7,0,0,2
44,28,0,0,T
48,31,0,0,0
57,32,0,0,0
66,37,0,0,0
58,29,0,0,0
62,37,0,0,0
62,39,0,0,0
61,33,0,0,0
70,38,0,0,0
62,36,0,0,0
45,26,0,0,0
46,30,0,0,0
50,35,T,0,0
56,32,T,0,0
38,26,0,0,0
35,29,0.2,3.1,0
32,30,0.03,0.5,4
38,25,0.12,1.2,2
38,31,T,0.1,1
36,25,0,0,0
36,17,0,0,0
41,20,0,0,0
53,34,0.19,0,0
57,36,0,0,0
65,32,0,0,0
84,43,0.26,0,0
65,34,0,0,0
43,27,0,0,0
52,32,0,0,0
53,36,0,0,0
43,38,0.18,0,0
43,37,0.01,0,0
48,37,T,0,0
41,33,0.63,0.1,0
56,32,0.08,0.2,0
68,38,0,0,0
75,51,0.65,0,0
64,46,0.01,0,0
72,38,0,0,0
70,45,0,0,0
73,52,T,0,0
75,50,0,0,0
73,47,0.07,0,0
60,45,0.14,0,0
45,36,0.02,0,0
41,34,0.03,T,0
49,32,0,0,0
55,29,0,0,0
52,42,0.34,0,0
62,43,0,0,0
64,36,0,0,0
69,39,0,0,0
65,44,0,0,0
68,44,0,0,0
68,47,0,0,0
66,49,0.01,0,0
80,52,0,0,0
83,56,0.05,0,0
72,50,0,0,0
70,51,0.02,0,0
77,56,T,0,0
76,62,0.35,0,0
62,49,0.02,0,0
69,44,0,0,0
60,48,0.72,0,0
55,44,0.07,0,0
58,39,0.02,0,0
67,43,0,0,0
57,51,0.34,0,0
67,53,0,0,0
76,58,0.06,0,0
74,48,0.08,0,0
48,40,T,0,0
57,37,T,0,0
62,41,0,0,0
74,45,0,0,0
75,46,0,0,0
73,51,T,0,0
64,58,0.52,0,0
73,57,0.16,0,0
63,57,0.59,0,0
84,55,T,0,0
84,62,0,0,0
72,54,0.54,0,0
64,47,0,0,0
63,44,0,0,0
69,52,0,0,0
76,54,0,0,0
67,62,0.75,0,0
75,62,0,0,0
75,61,0,0,0
79,59,0.69,0,0
83,66,0.06,0,0
81,61,0,0,0
92,63,0,0,0
79,62,T,0,0
67,58,0.3,0,0
79,53,0,0,0
71,60,0.07,0,0
85,62,0,0,0
78,64,0,0,0
72,55,T,0,0
79,60,0.87,0,0
79,61,0,0,0
79,59,0,0,0
82,63,0.43,0,0
86,62,0,0,0
82,64,0.95,0,0
79,60,0,0,0
78,62,0,0,0
82,63,0,0,0
81,63,0.06,0,0
83,60,0.02,0,0
82,64,0.09,0,0
83,65,0.11,0,0
77,62,0,0,0
73,59,0,0,0
77,56,0,0,0
80,60,0,0,0
85,65,0,0,0
88,66,0.04,0,0
76,58,2.83,0,0
72,54,0,0,0
73,57,0,0,0
81,60,0,0,0
85,65,0,0,0
82,67,0,0,0
89,65,1.89,0,0
87,66,T,0,0
84,67,0,0,0
81,63,0.01,0,0
72,66,0.16,0,0
90,65,0.62,0,0
88,68,0.25,0,0
84,64,0,0,0
81,64,0,0,0
81,61,0,0,0
82,66,0,0,0
84,67,0,0,0
88,68,0.23,0,0
86,69,0,0,0
87,72,T,0,0
86,71,0,0,0
84,70,1.29,0,0
82,66,0,0,0
85,63,0,0,0
82,65,0,0,0
86,66,T,0,0
84,66,0,0,0
80,60,0,0,0
82,58,0,0,0
82,61,0,0,0
74,64,0.24,0,0
84,69,0.43,0,0
80,67,0.01,0,0
82,69,0.06,0,0
82,66,0,0,0
82,62,0,0,0
85,64,0,0,0
85,71,0.05,0,0
94,71,0,0,0
91,73,0,0,0
82,69,0.51,0,0
74,63,0.08,0,0
67,63,0.92,0,0
65,56,0.1,0,0
74,53,0,0,0
81,59,0,0,0
82,63,0.59,0,0
70,57,T,0,0
67,54,0,0,0
74,53,0,0,0
75,51,0,0,0
76,59,0,0,0
76,59,T,0,0
74,56,0,0,0
81,62,0,0,0
86,63,0,0,0
86,69,0,0,0
78,69,0.23,0,0
84,67,0,0,0
89,71,0,0,0
89,75,0.01,0,0
83,70,0.73,0,0
82,67,T,0,0
78,60,0.13,0,0
71,56,0.28,0,0
71,54,0.02,0,0
64,48,0,0,0
69,47,0,0,0
75,52,0,0,0
83,58,0.01,0,0
87,66,T,0,0
84,65,0.08,0,0
78,60,2.37,0,0
61,53,0.37,0,0
69,48,0,0,0
72,50,0.11,0,0
81,55,0,0,0
74,64,T,0,0
76,62,0.06,0,0
67,64,0.25,0,0
78,61,0,0,0
78,58,0,0,0
82,59,0,0,0
77,61,T,0,0
63,48,0,0,0
63,43,0,0,0
63,45,0,0,0
62,41,0,0,0
60,42,0,0,0
58,42,0,0,0
62,45,0,0,0
69,52,0,0,0
63,43,T,0,0
66,52,0.33,0,0
56,43,0,0,0
74,42,0,0,0
85,58,0,0,0
66,46,T,0,0
60,43,0,0,0
68,39,0,0,0
61,42,0,0,0
48,33,0,0,0
56,31,0,0,0
63,35,0,0,0
76,51,T,0,0
69,50,T,0,0
63,44,T,0,0
63,40,0,0,0
54,49,0.94,0,0
57,42,0.24,0,0
56,38,0.01,0,0
59,48,0.01,0,0
55,47,0.35,0,0
47,34,0.38,T,0
49,35,0.01,T,0
53,40,0.01,0,0
51,44,0.33,0,0
56,40,0,0,0
70,45,0,0,0
71,45,0,0,0
62,52,0,0,0
65,42,0.01,0,0
47,39,0,0,0
50,33,0,0,0
59,43,0,0,0
62,44,0,0,0
61,38,0,0,0
53,42,1.73,0,0
45,37,0.37,0,0
45,31,0,0,0
57,32,0,0,0
62,38,0,0,0
53,47,0.17,0,0
55,49,1.21,0,0
59,37,0.5,0,0
37,30,T,T,0
31,25,0,0,0
28,15,T,T,0
34,17,0,0,0
46,25,0,0,0
46,28,0,0,0
51,33,0,0,0
40,24,0.12,1.3,0
27,18,0,0,1
30,14,0,0,1
34,19,0,0,1
35,28,0.41,3.8,3
34,26,0.09,0.1,4
36,28,T,T,3
35,22,0,0,2
47,22,0,0,2
44,38,0,0,1
40,32,0,0,0
46,31,0,0,0
42,29,0.08,0,0
47,30,0,0,0
47,37,0.16,0,0
39,36,0,0,0
41,35,T,0,0
40,38,0.12,0,0
39,32,0.63,T,0
35,31,0.01,T,0
41,24,0.37,0.7,1
29,17,T,T,0
22,9,T,T,T
28,8,0,0,0
41,27,0,0,0
33,30,0.02,0.3,0
35,30,T,T,T
36,27,0.38,0.5,0
27,23,0,0,1
30,25,0,0,T
32,28,0.09,2.3,2
28,12,0,0,2
23,12,0.21,3.4,2
27,20,0.15,2.1,4
25,16,T,T,5
20,7,0.01,0.1,5
30,15,T,T,4
31,14,0,0,4
29,20,0,0,4
26,10,0,0,4
32,20,0,0,4
33,23,0.05,0.4,4
34,31,0.04,0.4,4
34,22,0.08,1.2,5
22,-6,T,T,5
-1,-10,0,0,5
6,-9,0.02,0.5,5
3,-7,T,T,5
23,-7,0.01,0.1,5
26,16,0,0,5
23,12,T,T,5
13,-9,T,T,5
-3,-14,0,0,5
2,-13,0,0,5
7,-7,T,T,5
22,7,0.02,0.6,5
24,20,T,T,5
25,17,T,T,5
23,18,0,0,5
30,23,0.01,0.1,5
30,27,0.05,0.6,5
28,20,0.01,0.2,6
40,15,T,T,5
37,19,0,0,3
34,18,0.01,0,3
43,30,0.01,0,2
41,27,0,0,1
36,22,0,0,1
30,24,0.51,8.8,1
24,11,0.04,0.6,8
27,8,0.03,0.3,7
29,6,T,T,7
36,25,T,0,6
40,16,0.02,0.4,5
17,11,T,T,2
17,5,T,T,2
13,3,0,0,2
17,2,0.01,0.9,2
15,0,0,0,2
10,-6,0,0,2
19,7,0.04,0.7,2
32,18,0,0,3
35,21,T,T,2
29,14,0,0,2
41,25,0,0,2
45,35,0.37,0,1
43,30,0,0,T
37,26,T,T,T
35,27,0,0,0
40,33,0.04,0.3,0
38,30,T,T,0
35,26,0,0,0
42,24,0,0,0
58,34,0,0,0
43,28,0.03,0.1,0
39,19,0,0,0
27,14,T,T,T
32,13,0,0,0
35,26,T,T,0
37,29,0.05,0.4,0
39,29,0,0,T
60,29,0,0,0
64,42,0,0,0
70,40,0,0,0
42,35,T,0,0
49,33,0,0,0
66,28,0,0,0
70,49,0,0,0
54,47,T,0,0
58,48,0.01,0,0
55,45,0.85,0,0
49,40,0.05,0,0
42,32,0.01,T,0
37,30,T,T,0
43,27,0.07,1.3,1
43,26,0,0,0
53,28,0,0,0
55,33,0,0,0
36,29,0.31,3.7,0
47,28,0,0,3
48,27,T,0,0
51,39,0.12,0,0
43,31,0.07,0,0
59,28,0,0,0
64,40,0.19,0,0
48,43,0.4,0,0
54,40,0.13,0,0
41,32,0.02,0,0
36,26,T,T,0
68,29,0,0,0
42,28,0,0,0
37,28,0.07,0,0
44,32,T,0,0
43,33,0.04,T,0
37,24,0.02,0.5,0
43,20,0,0,0
59,35,0,0,0
44,31,0,0,0
49,27,T,T,0
71,41,T,0,0
76,49,0,0,0
77,48,0,0,0
80,57,0,0,0
79,58,0,0,0
79,51,0.19,0,0
59,48,0.08,0,0
67,52,0.25,0,0
66,50,0.32,0,0
59,43,0,0,0
71,43,T,0,0
62,52,0.39,0,0
55,44,0.53,0,0
49,42,T,0,0
53,40,0.28,0,0
43,37,0.65,0,0
60,34,0,0,0
58,42,0,0,0
63,41,0,0,0
67,39,0,0,0
73,48,0,0,0
66,45,0,0,0
79,45,T,0,0
92,60,0,0,0
70,51,0,0,0
73,46,0,0,0
68,53,0.33,0,0
58,48,0.59,0,0
56,49,0.15,0,0
58,48,0,0,0
50,39,0.18,0,0
52,34,0,0,0
65,34,0,0,0
66,49,0,0,0
65,46,0,0,0
70,43,0,0,0
74,50,0,0,0
76,54,0,0,0
80,53,0,0,0
84,53,0,0,0
84,66,T,0,0
86,66,T,0,0
76,66,0.33,0,0
81,61,0.27,0,0
70,63,0.24,0,0
68,61,0.31,0,0
79,62,T,0,0
84,60,T,0,0
73,63,0.02,0,0
67,59,0,0,0
75,56,0,0,0
70,61,0.21,0,0
74,58,0.06,0,0
83,55,0,0,0
71,56,0.01,0,0
72,50,0,0,0
79,54,0.02,0,0
84,62,0.54,0,0
91,69,T,0,0
93,71,0,0,0
78,61,0.99,0,0
78,64,0.4,0,0
74,64,1.49,0,0
77,64,0,0,0
80,63,0,0,0
86,66,T,0,0
89,70,0,0,0
93,71,0.2,0,0
80,65,0,0,0
83,60,0,0,0
83,63,0.47,0,0
77,58,0,0,0
82,60,0,0,0
96,72,T,0,0
88,67,0,0,0
76,64,0,0,0
77,58,0,0,0
81,60,0,0,0
79,61,0.1,0,0
75,52,0,0,0
79,60,0,0,0
80,62,0,0,0
80,61,0,0,0
90,66,1.21,0,0
88,66,0,0,0
85,69,0.07,0,0
80,66,0,0,0
82,63,0,0,0
82,66,0.4,0,0
90,72,T,0,0
86,71,0.08,0,0
85,70,T,0,0
71,62,0.12,0,0
79,61,0.05,0,0
81,62,0.2,0,0
84,66,0.1,0,0
88,67,0,0,0
87,68,0,0,0
93,72,0.05,0,0
95,71,0.16,0,0
97,74,0,0,0
82,71,2.17,0,0
85,72,T,0,0
87,67,0,0,0
91,72,0,0,0
80,68,0.48,0,0
77,65,0,0,0
79,61,0,0,0
81,67,T,0,0
84,67,0,0,0
85,70,0,0,0
88,73,0,0,0
91,74,0,0,0
85,70,1.13,0,0
79,64,0,0,0
82,62,0,0,0
82,63,0,0,0
83,65,0,0,0
87,69,0,0,0
91,69,1.53,0,0
84,69,1.11,0,0
82,68,0.33,0,0
81,65,0,0,0
83,63,0,0,0
82,64,0,0,0
86,67,0.2,0,0
86,64,0,0,0
85,68,T,0,0
79,65,0.44,0,0
68,58,0.38,0,0
74,56,0,0,0
83,59,0,0,0
84,67,1.01,0,0
82,66,0.07,0,0
74,61,0,0,0
72,57,0,0,0
69,63,0.01,0,0
85,61,0,0,0
86,67,1.27,0,0
81,64,0.34,0,0
80,58,0,0,0
77,60,0,0,0
76,57,0,0,0
76,59,0,0,0
79,60,0.02,0,0
81,67,0.51,0,0
81,71,0.88,0,0
77,68,0.02,0,0
78,62,T,0,0
74,62,0.23,0,0
72,57,T,0,0
80,57,0,0,0
81,62,0,0,0
66,56,T,0,0
70,47,0,0,0
76,57,0.85,0,0
76,63,0.06,0,0
72,59,0,0,0
84,54,0,0,0
79,61,0.01,0,0
79,57,0.03,0,0
73,65,1.88,T,0
73,61,0.08,0,0
71,60,0.63,0,0
73,63,0,0,0
69,55,0.23,0,0
66,51,0,0,0
60,49,0.04,0,0
62,50,0,0,0
68,46,0,0,0
71,50,0,0,0
74,52,0,0,0
76,51,0,0,0
76,53,0,0,0
76,58,0.13,0,0
65,56,0.6,0,0
62,44,1.01,0,0
49,38,0.04,0,0
52,36,0,0,0
60,36,0,0,0
74,49,0,0,0
72,49,T,0,0
50,41,0.01,0,0
54,37,0,0,0
63,43,0,0,0
69,51,T,0,0
69,44,0.01,0,0
72,54,0.65,0,0
66,51,0.01,0,0
56,43,0,0,0
52,38,0,0,0
54,39,0,0,0
64,39,0,0,0
56,44,0,0,0
56,36,0,0,0
52,42,0.56,0,0
46,43,0.33,0,0
49,42,0,0,0
72,46,0,0,0
56,46,0.06,0,0
46,42,0,0,0
58,42,T,0,0
63,45,0,0,0
62,40,0,0,0
65,42,0,0,0
68,41,0,0,0
73,43,0,0,0
70,46,0,0,0
65,47,0,0,0
59,39,0,0,0
60,36,0,0,0
68,45,0,0,0
50,36,0,0,0
54,34,0,0,0
62,42,0,0,0
50,40,0,0,0
55,34,0,0,0
61,35,0,0,0
58,46,0,0,0
48,31,0.8,0.3,0
32,23,T,T,T
30,23,0,0,0
38,22,0,0,0
36,32,0.74,1.7,0
35,33,0.06,0.3,2
37,34,0.04,T,2
36,32,T,T,0
46,28,0,0,0
45,29,0.31,0,0
55,38,0.97,T,0
38,35,0.01,T,0
40,36,0.05,0,0
39,33,T,0,0
33,30,T,T,0
32,29,T,T,0
38,31,0.13,2.4,2
40,27,T,0,0
38,18,T,T,0
21,16,T,T,T
24,16,T,T,T
20,10,T,T,T
14,4,0.16,2,T
21,13,0.33,5.1,4
14,-3,T,T,6
10,-7,0,0,6
10,-3,0,0,6
4,-9,0.03,0.2,5
12,4,0.35,5,5
12,-11,0.07,1.1,9
2,-20,0,0,8
26,2,0,0,7
37,24,0,0,7
41,23,0,0,7
37,20,0,0,6
38,33,0.1,T,6
36,33,T,0,4
37,32,0.97,T,4
43,18,T,T,1
25,17,T,T,1
36,20,T,T,1
33,22,T,T,1
32,18,T,T,1
31,20,T,T,1
32,21,0,0,1
33,28,0.02,T,1
32,2,T,T,1
4,-6,T,T,1
2,-8,T,T,1
5,-9,0,0,1
9,-2,0,0,1
18,-5,T,T,1
27,17,0.07,0.7,T
28,4,0.23,2.2,1
10,4,0.12,2.1,4
14,-6,0,0,4
9,-7,0,0,4
24,4,0,0,3
34,1,0,0,2
32,14,0.12,T,2
35,29,0.11,0.6,2
41,25,0,0,2
37,29,0,0,2
37,34,0.09,0,1
38,35,0.01,0,1
40,34,T,0,T
35,33,T,T,T
34,32,0,0,T
32,29,0.09,2.2,1
30,23,0,0,2
31,17,0,0,2
28,23,0,0,1
29,18,0,0,1
42,15,0.1,0.6,1
38,30,0.02,T,T
30,12,T,0.3,T
17,8,0,0,T
24,7,0,0,T
35,13,0,0,T
32,18,0,0,T
33,18,0,0,T
32,12,0.01,T,T
14,1,0,0,T
21,3,0,0,T
46,20,0,0,T
43,36,0.02,0,0
40,29,T,0,0
48,28,0,0,0
43,26,0,0,0
36,19,0,0,0
42,27,0,0,0
63,30,0,0,0
58,34,0,0,0
59,32,0,0,0
55,41,0.61,0,0
62,32,0,0,0
59,37,0,0,0
39,29,0,0,0
29,20,0,0,0
34,14,0,0,0
40,23,0,0,0
44,22,0,0,0
47,32,T,0,0
37,23,0.04,0.8,1
31,17,0,0,T
31,13,0.01,0.2,0
43,26,0,0,T
59,35,0,0,0
65,39,0.09,0,0
49,29,T,T,T
36,24,T,T,T
31,18,0,0,0
19,5,0,0,0
21,8,0,0,0
23,13,0.24,3.4,0
27,14,0.01,0.3,3
29,9,0,0,3
32,12,0,0,2
40,20,T,0,2
43,29,0,0,T
43,30,0,0,0
55,28,0,0,0
56,34,0,0,0
40,25,0,0,0
40,21,0,0,0
40,36,0.17,0,0
45,38,0.01,0,0
43,37,0.05,0,0
44,36,0.04,0,0
61,37,T,0,0
64,35,0,0,0
51,42,T,0,0
50,39,0.02,0,0
57,31,0,0,0
66,35,0,0,0
55,42,T,0,0
53,47,0.12,0,0
63,44,0,0,0
56,38,0,0,0
56,35,0,0,0
60,33,0,0,0
73,44,0,0,0
72,53,0.02,0,0
53,33,0.18,0.5,0
53,32,T,T,1
57,40,0.16,0,0
55,46,0,0,0
66,48,0.3,0,0
72,52,1,0,0
66,47,0,0,0
59,45,0,0,0
66,48,0.15,0,0
51,45,0.8,0,0
52,40,0.15,0,0
63,37,0,0,0
69,41,0,0,0
70,49,0,0,0
72,49,0.02,0,0
62,47,0.45,0,0
47,36,0.38,0,0
36,32,0.01,T,0
51,35,0,0,0
56,38,0,0,0
49,38,0.71,0,0
41,35,0.26,T,0
62,38,0.03,0,0
66,45,0,0,0
69,44,0,0,0
78,46,0,0,0
69,44,0,0,0
67,49,0,0,0
70,46,0.25,0,0
71,52,0.03,0,0
69,53,T,0,0
67,47,0,0,0
77,46,0,0,0
80,54,0,0,0
84,56,0,0,0
70,60,0.24,0,0
84,61,0.35,0,0
72,54,1.81,0,0
56,47,0.27,0,0
57,44,0,0,0
51,42,1.47,0,0
52,46,0.04,0,0
67,45,0.01,0,0
61,49,0.01,0,0
63,46,0,0,0
71,50,0.01,0,0
80,61,0,0,0
72,55,T,0,0
73,56,0.02,0,0
65,54,T,0,0
60,53,T,0,0
75,51,0,0,0
79,49,0,0,0
90,58,T,0,0
90,68,0,0,0
90,63,0,0,0
82,61,0,0,0
82,58,0,0,0
88,61,0.02,0,0
85,69,0,0,0
86,63,0,0,0
96,77,0,0,0
79,61,1.82,T,0
83,66,0.2,0,0
91,66,0.14,0,0
85,66,0.08,0,0
88,67,0,0,0
86,65,T,0,0
85,63,0.2,0,0
73,60,0.01,0,0
74,60,0,0,0
76,59,0.25,0,0
81,59,0,0,0
72,63,0.49,0,0
74,58,0,0,0
66,54,T,0,0
69,54,T,0,0
73,50,0,0,0
77,55,0,0,0
83,61,0.91,0,0
77,65,0,0,0
80,62,0.11,0,0
77,61,0.01,0,0
80,65,0,0,0
81,63,0,0,0
86,67,0,0,0
92,73,T,0,0
94,76,0,0,0
84,65,0,0,0
85,62,0,0,0
85,67,0.37,0,0
86,69,0,0,0
87,65,0,0,0
88,69,0.03,0,0
71,58,T,0,0
79,59,0,0,0
96,63,0,0,0
87,67,0,0,0
92,68,0.63,0,0
82,66,0.08,0,0
83,62,1.17,0,0
89,68,0,0,0
83,69,T,0,0
91,71,0,0,0
79,64,0,0,0
79,60,0,0,0
85,67,0.39,0,0
84,69,0.44,0,0
85,66,0,0,0
84,65,0,0,0
84,64,0,0,0
86,64,0,0,0
85,69,0,0,0
89,67,0,0,0
84,67,0,0,0
67,54,0.29,0,0
78,54,T,0,0
79,57,0.29,0,0
76,62,0.09,0,0
82,57,0,0,0
84,62,0,0,0
71,63,0.57,0,0
74,61,0.1,0,0
80,58,0,0,0
80,58,0,0,0
72,61,1,0,0
76,62,0.01,0,0
78,59,0,0,0
78,64,1.94,0,0
74,63,0.08,0,0
75,60,0.16,0,0
80,59,0,0,0
86,66,0,0,0
80,66,0.19,0,0
76,60,0,0,0
77,56,0,0,0
73,59,0.01,0,0
71,57,0.55,0,0
67,60,1.22,0,0
73,63,0.24,0,0
74,61,0,0,0
80,58,0,0,0
83,62,0.01,0,0
71,56,0,0,0
72,53,T,0,0
82,64,T,0,0
85,60,0,0,0
76,55,0.07,0,0
65,51,T,0,0
68,49,0,0,0
76,49,0,0,0
68,52,0,0,0
76,53,0,0,0
81,61,T,0,0
82,60,0,0,0
85,63,0,0,0
87,64,0,0,0
91,66,0,0,0
84,70,T,0,0
80,58,0.04,0,0
67,52,0,0,0
59,55,0.37,0,0
80,59,0,0,0
75,58,0.04,0,0
84,53,0,0,0
94,73,0,0,0
90,73,0,0,0
90,70,T,0,0
71,58,0.41,0,0
65,53,0.11,0,0
66,48,0,0,0
75,52,T,0,0
66,48,0,0,0
69,46,0,0,0
63,55,0.29,0,0
71,55,2.18,0,0
72,52,0.12,0,0
60,46,0,0,0
65,48,T,0,0
60,48,0.44,0,0
67,54,0.17,0,0
72,50,0,0,0
57,40,0,0,0
52,34,0,0,0
56,38,0,0,0
64,53,T,0,0
61,45,0,0,0
59,44,0.53,0,0
53,41,0.03,0,0
66,39,0,0,0
73,47,0,0,0
73,48,0,0,0
74,43,0,0,0
78,53,T,0,0
69,52,0.45,0,0
64,48,0,0,0
61,43,0,0,0
51,40,0,0,0
58,38,0,0,0
58,35,T,T,0
36,32,0.25,0.1,0
34,29,0,0,0
44,29,0.03,0,0
40,31,T,T,0
35,27,0,0,0
37,26,0.05,T,0
40,34,0,0,0
35,27,0.05,0.5,0
43,34,0.02,T,0
43,25,0.07,0,0
33,22,0,0,0
36,28,0,0,0
42,26,T,T,0
30,12,T,T,0
26,11,0.03,0.1,0
44,24,0,0,T
36,24,0,0,0
46,25,T,0,0
45,39,0.08,0,0
46,27,T,0,0
34,27,0,0,0
39,34,0.09,0,0
37,21,0,0,0
41,18,0,0,0
48,28,0,0,0
42,18,T,T,0
33,15,0,0,0
49,23,0,0,0
60,40,T,0,0
41,29,0,0,0
51,24,0,0,0
60,32,0,0,0
53,33,0,0,0
46,25,0,0,0
48,31,0,0,0
51,28,0,0,0
47,30,0,0,0
50,29,0,0,0
57,27,0.37,2.1,0
27,16,0.01,0.1,2
20,16,0.01,0.2,2
21,7,0,0,2
32,19,T,T,2
29,19,T,T,2
29,20,0,0,2
35,15,0.18,0.9,2
27,6,T,T,2
30,17,0.01,0.3,2
24,15,T,T,2
30,22,0.05,0.7,2
31,23,0,0,2
28,18,0,0,2
42,24,0,0,2
38,24,0,0,2
24,18,0.01,0.1,2
24,19,0,0,2
27,18,0,0,1
23,11,0,0,1
22,4,0.01,0.1,1
4,-6,T,T,1
1,-9,0,0,1
5,-8,0,0,1
11,3,0.09,1.3,1
4,-6,0.05,0.6,2
-6,-14,0,0,3
-5,-16,0,0,3
1,-14,0,0,3
15,-10,T,0.1,3
11,-3,0,0,3
2,-5,0,0,3
3,-10,0,0,2
14,-11,T,T,2
32,12,0,0,2
37,24,0,0,2
42,26,0,0,2
38,33,T,0,1
37,0,0.21,2.4,T
3,-10,0,0,2
5,-13,0,0,2
17,-10,0.17,3.3,2
14,1,T,T,5
8,-2,T,T,4
27,-1,0,0,4
41,21,0,0,4
44,27,0,0,3
42,24,0,0,1
39,32,0,0,1
35,26,1.03,12.4,1
28,18,T,T,11
27,10,0,0,9
28,24,0.01,0.1,9
47,26,0,0,8
34,20,0,0,4
20,12,T,T,3
17,4,0,0,3
30,1,0,0,3
32,7,0.13,2.1,5
7,-4,0,0,5
12,-7,0,0,4
19,9,0.15,2.5,4
9,-6,T,T,6
14,-4,T,T,6
10,-6,T,T,5
15,0,0.02,0.6,5
17,4,0.01,0.1,5
11,1,T,T,5
14,-1,0,0,5
21,-2,0,0,5
13,-2,0,0,5
30,7,0,0,5
43,17,0,0,5
38,14,T,T,4
20,0,0,0,3
38,20,0.01,T,3
45,19,0,0,3
27,19,0.13,0.8,2
21,8,0.05,0.3,2
20,2,0,0,2
30,7,0.3,3.3,2
32,16,0.15,2.3,8
30,5,0.51,6,7
30,15,T,T,10
44,14,0,0,9
47,22,0,0,8
45,22,0,0,7
41,23,0,0,6
40,17,0,0,5
45,33,0,0,5
42,33,0.07,0,3
38,28,0.34,3.6,1
34,22,0.07,1.1,5
29,12,0,0,5
31,12,0,0,5
35,18,0,0,5
35,23,T,T,4
36,30,0.01,0.1,4
40,21,0,0,3
37,23,0,0,2
46,23,0,0,2
39,28,0,0,2
41,23,0,0,2
50,25,0,0,2
43,25,0,0,2
45,32,0,0,1
33,23,0.08,0.4,T
38,21,0,0,T
43,29,0,0,T
43,27,0,0,T
42,29,0,0,T
43,29,0,0,T
40,32,0.38,0.8,1
48,33,0,0,T
52,29,T,0,T
42,22,0,0,0
43,24,0.14,1.8,0
35,13,0.1,1,2
31,12,0,0,1
34,21,0.14,1.5,T
30,18,0.57,7.5,4
30,8,0,0,6
40,13,0,0,5
26,14,T,T,3
32,12,0,0,3
32,16,0.11,1.2,2
38,22,T,0.1,3
41,31,T,T,2
48,28,0.03,0,1
52,32,0,0,T
41,30,0.31,1.1,0
30,22,0.79,11.1,1
28,22,0.22,3.5,10
36,22,T,0.1,11
43,23,0,0,9
40,30,T,T,7
53,25,0,0,5
53,28,0,0,3
60,36,0,0,1
64,34,0,0,T
71,42,0,0,T
66,43,0,0,0
61,35,0,0,0
66,45,0,0,0
65,39,T,0,0
58,37,0,0,0
69,38,0,0,0
84,54,0.04,0,0
72,57,0.43,0,0
68,49,0.04,0,0
75,55,T,0,0
78,53,0,0,0
83,56,0.08,0,0
77,53,0,0,0
86,60,0,0,0
72,59,0.37,0,0
65,55,0.11,0,0
60,45,0,0,0
53,47,0,0,0
61,46,0.01,0,0
73,44,0,0,0
75,58,0.18,0,0
78,52,0,0,0
87,55,0,0,0
85,59,0,0,0
84,58,0.01,0,0
72,51,0.02,0,0
73,46,0,0,0
71,59,0,0,0
76,57,0,0,0
84,62,0,0,0
92,68,0.61,0,0
90,66,0.16,0,0
94,67,0,0,0
91,67,0,0,0
100,73,0.01,0,0
94,68,0.89,0,0
74,66,0.07,0,0
86,64,0,0,0
81,64,0,0,0
71,59,0.17,0,0
70,58,0,0,0
87,56,0,0,0
80,61,0,0,0
80,62,0.21,0,0
79,59,T,0,0
74,65,0.01,0,0
72,63,0.22,0,0
77,64,0,0,0
74,62,0.04,0,0
81,63,0,0,0
81,58,0.01,0,0
82,64,T,0,0
95,68,T,0,0
88,70,0.76,0,0
91,72,0.18,0,0
78,68,0.4,0,0
70,62,0.59,0,0
80,65,0,0,0
78,66,0,0,0
82,63,0,0,0
82,64,0,0,0
81,67,0.09,0,0
83,67,T,0,0
73,64,1.1,0,0
82,65,0,0,0
86,67,0,0,0
99,74,0,0,0
89,75,T,0,0
75,63,1.16,0,0
88,66,0,0,0
87,70,0.02,0,0
83,71,0.67,0,0
83,68,0,0,0
82,63,0,0,0
85,68,0,0,0
90,71,0,0,0
90,72,T,0,0
85,68,T,0,0
92,69,0,0,0
95,73,2.13,0,0
83,72,0.08,0,0
87,69,0,0,0
89,71,0,0,0
86,64,0,0,0
81,65,T,0,0
82,64,0,0,0
73,65,0.08,0,0
82,65,0.09,0,0
84,63,0,0,0
83,64,0,0,0
85,65,0,0,0
85,64,0,0,0
83,66,T,0,0
73,61,0.08,0,0
80,58,0,0,0
82,58,0.13,0,0
82,59,T,0,0
87,61,0,0,0
87,64,0,0,0
80,59,0.23,0,0
72,57,0,0,0
85,61,1.02,0,0
78,71,0.04,0,0
85,72,0,0,0
84,67,0,0,0
80,68,T,0,0
90,64,0,0,0
90,71,0,0,0
90,67,0,0,0
88,69,0,0,0
89,69,0,0,0
92,71,0,0,0
91,73,0,0,0
89,67,0,0,0
89,69,0,0,0
86,68,0,0,0
86,66,0,0,0
86,66,0,0,0
79,66,0.09,0,0
77,62,0,0,0
84,57,0,0,0
81,60,0,0,0
72,65,1.05,0,0
78,65,0,0,0
85,67,T,0,0
84,66,0.15,0,0
66,56,0.18,0,0
72,52,0,0,0
77,55,T,0,0
85,68,0.07,0,0
88,72,0,0,0
82,68,0.25,0,0
76,68,0.02,0,0
76,67,1.18,0,0
73,57,0.02,0,0
74,52,0,0,0
77,55,0,0,0
74,57,0,0,0
73,54,0,0,0
79,54,0,0,0
83,62,0,0,0
84,69,0,0,0
85,63,0,0,0
88,69,0,0,0
92,70,0,0,0
90,72,0,0,0
81,60,0.9,0,0
66,60,0.66,0,0
64,59,0.18,0,0
68,59,3.28,0,0
64,48,0.01,0,0
67,45,0,0,0
76,51,0,0,0
76,57,0.27,0,0
59,48,0.1,0,0
62,44,0,0,0
62,48,T,0,0
56,39,0,0,0
49,36,0,0,0
55,46,0,0,0
50,44,0.34,0,0
54,49,T,0,0
79,40,0.61,0,0
49,35,0.22,0,0
51,42,0.11,0,0
49,42,0,0,0
52,45,0.05,0,0
54,47,0.34,0,0
50,45,1.04,0,0
51,37,0.14,0,0
39,32,0.01,T,0
46,31,0,0,0
54,35,0,0,0
42,32,0.09,0.3,0
45,30,0,0,0
56,39,0,0,0
50,34,0,0,0
72,33,0,0,0
65,49,0.02,0,0
49,31,T,T,0
59,28,0,0,0
61,33,0,0,0
49,32,0,0,0
54,31,0,0,0
55,43,T,0,0
50,45,0.29,0,0
53,44,0.13,0,0
57,44,T,0,0
49,37,0.01,0,0
54,40,0,0,0
54,37,0,0,0
51,34,0,0,0
48,33,0,0,0
47,35,0.02,0,0
39,36,0.17,T,0
45,37,0.3,0,0
43,29,0.3,0.1,0
33,25,0.02,0.5,1
28,22,0.06,0.7,T
24,15,0.01,0.3,1
23,11,T,T,1
30,21,T,T,1
23,12,T,T,1
23,7,0,0,T
43,16,0,0,T
44,29,0.01,0,0
35,26,0.01,0.1,T
29,14,T,T,T
27,6,0,0,T
30,20,T,T,T
33,12,T,T,T
32,24,T,T,0
37,27,0,0,0
46,35,0.27,0,0
40,30,0.06,0,0
30,17,0,0,0
24,15,T,T,0
25,13,T,T,0
27,15,0.12,1.4,0
31,25,0.1,0.9,2
33,29,0,0,2
34,28,0.2,2.3,2
34,28,0.04,0.5,4
28,24,T,T,4
24,22,T,T,4
29,22,T,0.1,4
22,8,T,T,4
27,6,T,0.1,4
27,9,0,0,4
29,14,0,0,4
25,14,0.01,T,4
27,12,0,0,4
29,23,T,0,4
32,23,0,0,4
39,23,0,0,4
43,20,0,0,4
46,31,0,0,3
36,24,0,0,3
43,27,0,0,2
42,32,0,0,1
37,28,0.01,T,T
28,23,0,0,T
32,25,0.01,0.3,T
31,19,T,T,T
26,15,0,0,T
28,19,0,0,T
33,21,0.3,2.3,T
37,33,0.95,0.6,2
33,13,T,0.2,T
16,9,T,0.1,T
32,14,0,0,T
32,11,0.01,0.2,T
11,0,0,0,T
26,2,T,T,T
41,20,0,0,T
47,28,0,0,T
47,27,0,0,T
38,24,0,0,T
42,34,0,0,T
38,11,0,0,T
16,6,0,0,T
24,10,0,0,0
33,18,0,0,0
31,21,0,0,0
35,28,0,0,0
32,29,T,T,0
33,20,T,0,0
21,7,0,0,0
24,14,T,T,T
14,6,0.01,0.2,0
11,-1,0,0,T
11,-5,0,0,T
18,0,T,T,T
20,10,0.03,0.7,1
24,9,T,T,1
20,-8,T,0.4,1
5,-9,0,0,1
11,-4,0.05,0.4,1
6,-9,0.23,2.4,1
13,-1,0.13,2.6,4
-1,-25,T,T,5
-13,-28,0,0,5
-3,-23,T,0.1,5
17,-3,T,T,4
39,12,0,0,4
39,32,0.01,0,2
33,2,0.06,T,1
13,2,0.31,4.1,T
21,12,0.03,0.4,4
20,-5,0.37,5.9,4
1,-11,0,0,9
8,-12,0,0,8
18,6,0.25,5.9,8
25,17,0.03,0.1,11
24,11,0.32,5.5,14
20,4,T,T,14
24,0,0.02,0.3,13
15,-3,0,0,12
21,-2,0,0,12
26,14,0.03,0.4,12
23,5,0,0,11
22,-3,0,0,11
28,15,0.6,9.1,11
21,7,T,T,16
27,10,0,0,16
32,26,0.21,1.9,15
29,-2,0.2,2.6,17
4,-5,T,T,16
8,0,0.06,1.1,16
14,0,0.07,1.7,19
21,-3,0,0,18
19,5,0.28,5.6,17
18,-1,0,0,21
0,-13,0,0,20
9,-10,T,T,20
16,1,T,T,19
22,6,T,T,19
21,2,0,0,18
33,16,0,0,18
37,27,0.57,2.9,16
32,17,0.09,1.8,19
32,11,0,0,17
38,18,0.21,0,16
42,34,0.33,0,13
43,33,0.51,0.1,7
35,25,0,0,4
35,19,0,0,3
40,23,0.01,0.1,3
40,24,0,0,2
46,28,0,0,1
49,33,0,0,T
50,31,0,0,T
50,29,0,0,T
54,26,0,0,T
54,31,0,0,T
47,28,0,0,T
51,25,0,0,0
64,39,0,0,0
53,34,0,0,0
47,27,0,0,0
38,26,0,0,0
38,21,T,T,0
45,30,0,0,0
50,30,0.02,T,0
51,30,0,0,0
46,34,T,0,0
52,35,0.06,0,0
53,46,0.94,0,0
63,45,0.17,0,0
70,41,0,0,0
57,32,0,0,0
34,30,0.48,4.6,0
36,26,0.46,4.3,6
37,31,0.09,0.9,3
39,29,0,0,3
48,24,0,0,1
54,30,0,0,T
68,36,0,0,T
54,41,1.1,0,0
54,40,T,0,0
64,34,0,0,0
78,44,0,0,0
77,49,T,0,0
49,40,0.35,0,0
65,36,0,0,0
73,50,T,0,0
72,50,0,0,0
59,43,0,0,0
51,40,T,0,0
54,36,0,0,0
58,43,0,0,0
45,39,0.24,0,0
46,39,0.09,0,0
57,41,0,0,0
62,35,0.15,0,0
71,45,0,0,0
64,49,T,0,0
59,47,T,0,0
63,40,0,0,0
55,36,1.45,T,0
54,35,0.02,T,0
61,38,0,0,0
65,42,0.01,0,0
62,43,0,0,0
67,40,0,0,0
73,48,0.04,0,0
76,54,0.12,0,0
82,57,0.35,0,0
69,51,0.05,0,0
55,45,0.8,0,0
46,38,0.63,0,0
63,36,0,0,0
61,47,0.59,0,0
63,47,0.51,0,0
60,52,0,0,0
73,52,0.04,0,0
69,54,0,0,0
74,47,0,0,0
64,48,1.83,0,0
69,45,0,0,0
74,52,0,0,0
82,55,0,0,0
88,64,T,0,0
73,55,0.02,0,0
75,51,0,0,0
83,54,0,0,0
85,60,0.26,0,0
83,64,T,0,0
85,59,0,0,0
90,68,0,0,0
88,67,0,0,0
73,57,T,0,0
79,52,0,0,0
69,58,0.16,0,0
71,54,T,0,0
73,48,0,0,0
86,64,0.05,0,0
76,63,0.05,0,0
74,59,T,0,0
75,58,T,0,0
75,55,0,0,0
79,57,0,0,0
78,62,0.29,0,0
77,63,0,0,0
79,62,T,0,0
76,64,0.36,0,0
73,61,0.28,0,0
82,61,0,0,0
86,63,0,0,0
78,67,0.22,0,0
86,68,0,0,0
89,69,0,0,0
81,67,1.03,0,0
78,68,2.02,0,0
87,69,0.08,0,0
87,67,0.25,0,0
85,71,0.15,0,0
83,68,0.03,0,0
83,69,0,0,0
85,65,0,0,0
85,68,0,0,0
80,70,0.47,0,0
79,69,0.22,0,0
83,65,0,0,0
86,68,0,0,0
87,68,0,0,0
92,72,0.01,0,0
92,71,1.75,0,0
85,71,0.01,0,0
86,70,0,0,0
89,73,T,0,0
95,73,T,0,0
76,62,1.01,0,0
82,61,0,0,0
79,60,0,0,0
83,62,0,0,0
84,65,0,0,0
82,66,0,0,0
86,68,0.12,0,0
86,68,0,0,0
77,66,0.36,0,0
78,63,0,0,0
77,59,0,0,0
80,60,0,0,0
85,64,0,0,0
85,69,0,0,0
87,70,0.24,0,0
88,71,0,0,0
86,70,0.2,0,0
86,66,0,0,0
88,68,0,0,0
79,58,0,0,0
81,58,0,0,0
73,66,0.44,0,0
81,66,0,0,0
80,67,0.24,0,0
82,62,0.75,0,0
78,63,T,0,0
80,63,0.39,0,0
80,64,0.83,0,0
83,63,T,0,0
75,61,1.74,0,0
81,58,0,0,0
83,65,0.63,0,0
77,59,0,0,0
75,60,0,0,0
77,58,0,0,0
76,62,0,0,0
75,61,0.01,0,0
71,64,0.8,0,0
73,59,T,0,0
74,57,0,0,0
76,57,0.01,0,0
75,53,0,0,0
72,58,0,0,0
75,59,0.09,0,0
76,63,0.3,0,0
77,62,0,0,0
73,58,0,0,0
79,56,0,0,0
78,63,0,0,0
67,55,0.02,0,0
62,54,0.12,0,0
70,58,0.19,0,0
79,66,0,0,0
67,58,1.24,0,0
67,58,1.17,0,0
64,56,T,0,0
75,51,0,0,0
82,62,0,0,0
87,63,0,0,0
88,70,0,0,0
82,70,0.14,0,0
84,64,0,0,0
86,67,0,0,0
81,69,0.1,0,0
69,57,0.01,0,0
76,54,0,0,0
81,57,T,0,0
71,55,0,0,0
69,49,0,0,0
67,51,0,0,0
64,45,T,0,0
60,50,0.3,0,0
86,60,0.24,0,0
65,50,0.59,0,0
54,48,0.42,0,0
50,44,0.05,0,0
50,44,0,0,0
58,48,1.05,0,0
65,47,0,0,0
67,45,0,0,0
72,47,0,0,0
73,53,0.01,0,0
60,41,0.41,0,0
41,34,0.05,T,0
39,33,0.07,T,0
45,35,0.03,T,0
50,36,0,0,0
52,42,0.08,0,0
48,41,0.01,0,0
57,35,0,0,0
69,45,0,0,0
67,45,0.03,0,0
67,39,0,0,0
56,46,1.06,0,0
46,40,0.19,0,0
46,34,0,0,0
44,32,0,0,0
56,29,0,0,0
56,39,0,0,0
45,33,0,0,0
38,29,0,0,0
40,27,0,0,0
36,23,0,0,0
36,26,0,0,0
42,32,0.07,0.1,T
35,30,T,0.1,T
45,29,0,0,0
40,29,0.13,0.2,0
32,22,0,0,0
31,19,0.02,0.4,T
28,15,T,T,0
37,15,0,0,0
45,29,0.04,0,0
33,18,0.01,0.2,0
18,8,T,T,T
20,5,0,0,T
28,18,0.05,0.6,T
32,19,0,0,T
39,30,0,0,T
46,32,T,0,T
39,32,0.05,0,0
37,31,0.02,0,0
43,34,0.14,T,0
45,38,0,0,0
44,22,0.43,0.1,0
30,19,0,0,0
45,27,0,0,0
45,33,0,0,0
45,37,0,0,0
38,31,0.19,2,0
32,26,0.66,7.2,6
28,22,0,0,7
33,28,0.08,0.5,6
34,31,0.39,2.9,7
32,19,0.07,1.6,7
27,12,0,0,6
38,20,0,0,6
39,24,0,0,6
37,22,0,0,5
32,17,0,0,5
42,22,0,0,5
41,31,0,0,5
34,-1,0.16,2.5,5
8,-4,T,T,7
9,-5,0,0,7
19,9,0.12,1.7,7
18,9,0.04,0.5,8
20,1,T,T,8
17,-1,0,0,8
27,17,0,0,7
26,2,0,0,7
15,-2,0,0,7
29,11,0,0,7
39,21,T,T,7
44,19,0,0,7
42,25,0,0,6
39,22,0,0,6
37,32,0,0,6
33,30,0,0,6
33,27,0,0,6
29,23,0,0,4
35,25,0.62,0.1,4
42,34,0.4,0,3
34,21,0.42,4.9,2
24,13,0,0,5
36,13,0,0,5
37,31,0,0,5
36,24,T,T,4
30,24,0,0,4
38,24,0.01,T,4
36,22,0,0,3
32,5,0,0,3
17,1,0,0,3
36,17,0,0,3
24,8,T,T,3
16,-1,0,0,3
20,9,0.11,0.8,3
28,15,0.1,1,4
32,17,0.01,0,5
24,-2,0.01,T,5
6,-9,0,0,5
25,-1,0.35,4.7,5
26,0,0.06,0.2,9
12,0,0.01,0.5,8
18,2,0.03,0.4,8
20,-2,0,0,8
37,19,0.17,0.6,8
33,30,0.06,1,8
32,29,T,T,8
33,27,T,T,7
30,25,0,0,7
27,21,T,0,7
22,18,T,T,7
22,18,T,T,7
27,18,T,T,7
34,27,0.05,0.6,7
38,27,0,0,7
46,31,0,0,6
32,20,0,0,5
24,10,0,0,5
30,11,0,0,5
32,11,0,T,5
30,13,0.03,0.5,5
20,-3,0,0,5
27,9,0.38,4.8,6
30,7,0.01,0.2,10
30,21,T,T,10
35,0,T,T,10
1,-11,0,0,9
15,-12,0,0,9
36,15,0,0,8
24,14,0,0,8
35,22,0.16,2,8
26,5,0,0,9
14,0,0,0,9
14,-6,0,0,9
37,12,0,0,8
42,18,0,0,8
44,27,0,0,7
42,23,0,0,5
38,28,0,0,4
31,19,T,T,4
25,15,0,0,4
28,17,0,0,4
39,16,0,0,4
50,32,T,T,4
36,30,0,0,3
43,30,T,T,1
42,24,T,0,T
44,30,T,T,T
39,23,0,0,T
53,32,0,0,T
61,44,0,0,T
48,30,0,0,0
42,23,0.04,0.3,0
43,34,0,0,T
43,31,0.09,T,0
39,26,0,0,0
35,23,0,0,0
40,21,0,0,0
39,27,0.01,T,0
44,28,T,0,0
45,37,T,0,0
40,32,0.48,0,0
34,20,T,T,0
36,20,T,T,0
43,30,0.04,0.2,T
44,32,0.12,0.8,1
50,37,0,0,0
47,37,0.31,0,0
51,29,0,0,0
60,37,0.03,0,0
48,38,1.07,0,0
49,33,0.22,T,T
60,30,0,0,0
54,34,0,0,0
55,34,0,0,0
61,40,0.07,0,0
40,25,0.08,T,0
45,19,0,0,0
56,29,0,0,0
60,43,0,0,0
70,49,0.03,0,0
56,36,T,0,0
42,30,0.03,T,0
49,27,0,0,0
61,34,0,0,0
44,29,0.6,6.6,T
37,23,0.01,0.2,5
30,21,0.04,0.5,2
35,19,0,0,T
48,24,0,0,T
49,29,0,0,0
67,39,0,0,0
50,36,0,0,0
60,36,T,0,0
50,29,T,0,0
67,43,T,0,0
59,37,T,0,0
66,43,T,0,0
71,42,0,0,0
68,45,0.07,0,0
74,52,0.04,0,0
62,46,0.83,0,0
62,42,0,0,M
68,44,0,0,0
78,53,T,0,0
75,54,0,0,0
67,46,0,0,0
60,40,0,0,0
59,47,0,0,0
66,48,0,0,0
60,44,0,0,0
49,35,0,0,0
60,34,0.15,0,0
48,38,T,0,0
55,39,0,0,0
58,34,0,0,0
63,48,0.04,0,0
73,52,0.04,0,0
71,45,0,0,0
63,52,0.46,0,0
53,49,2.47,0,0
66,50,T,0,0
71,54,0,0,0
77,59,0,0,0
66,57,0,0,0
66,58,0,0,0
71,60,0.24,0,0
78,58,T,0,0
78,65,0.16,0,0
81,66,0.87,0,0
78,63,0.42,0,0
79,60,0,0,0
66,54,0,0,0
68,49,0,0,0
77,47,0,0,0
91,63,0,0,0
90,65,0.26,0,0
83,63,0,0,0
86,62,0.04,0,0
81,60,0.32,0,0
